<?xml version="1.0" encoding="utf-8"?>
<window type="dialog" id="1123">
	<defaultcontrol always="true">11000</defaultcontrol>
	<include>Animation_DialogPopupOpenClose</include>
	<controls>
		<control type="group">
			<centerleft>50%</centerleft>
			<height>640</height>
			<centertop>50%</centertop>
			<width>1000</width>
			<include content="DialogBackgroundCommons">
				<param name="width" value="1000" />
				<param name="height" value="640" />
				<param name="header_label" value="$LOCALIZE[40098]" />
				<param name="header_id" value="1" />
			</include>
			<control type="group" id="11000">
				<left>0</left>
				<top>80</top>
				<control type="grouplist" id="11100">
					<width>1000</width>
					<height>640</height>
					<itemgap>0</itemgap>
					<onup>11100</onup>
					<ondown>11100</ondown>
					<orientation>vertical</orientation>
					<control type="radiobutton" id="11111">
						<label>$LOCALIZE[40097] : $LOCALIZE[31148]</label>
						<include>DefaultSettingButton</include>
						<selected>Skin.HasSetting(hide_moviescategory)</selected>
						<onclick>Skin.ToggleSetting(hide_moviescategory)</onclick>
					</control>
					<control type="radiobutton" id="11113">
						<label>$LOCALIZE[40097] : $LOCALIZE[20386]</label>
						<include>DefaultSettingButton</include>
						<selected>Skin.HasSetting(hide_recentlymovies)</selected>
						<onclick>Skin.ToggleSetting(hide_recentlymovies)</onclick>
					</control>
					<control type="radiobutton" id="11115">
						<label>$LOCALIZE[40097] : $LOCALIZE[31010]</label>
						<include>DefaultSettingButton</include>
						<selected>Skin.HasSetting(hide_inprogressmovies)</selected>
						<onclick>Skin.ToggleSetting(hide_inprogressmovies)</onclick>
					</control>
					<control type="radiobutton" id="11116">
						<label>$LOCALIZE[40097] : $LOCALIZE[31007]</label>
						<include>DefaultSettingButton</include>
						<selected>Skin.HasSetting(hide_unwatchedmovies)</selected>
						<onclick>Skin.ToggleSetting(hide_unwatchedmovies)</onclick>
					</control>
					<control type="radiobutton" id="11117">
						<label>$LOCALIZE[40097] : $LOCALIZE[31006]</label>
						<include>DefaultSettingButton</include>
						<selected>Skin.HasSetting(hide_randommovies)</selected>
						<onclick>Skin.ToggleSetting(hide_randommovies)</onclick>
					</control>
					
						<control type="radiobutton" id="111181">
						<label>$LOCALIZE[40097] : $LOCALIZE[135]</label>
						<include>DefaultSettingButton</include>
						<selected>Skin.HasSetting(use_eh-genre)</selected>
						<onclick>Skin.ToggleSetting(use_eh-genre)</onclick>
					</control>
					<control type="radiobutton" id="11119">
						<label>$LOCALIZE[40097] : $LOCALIZE[31075]</label>
						<include>DefaultSettingButton</include>
						<selected>Skin.HasSetting(hide_sets)</selected>
						<onclick>Skin.ToggleSetting(hide_sets)</onclick>
					</control>
				</control>
			</control>
		</control>
	</controls>
</window>
