<?xml version="1.0" encoding="UTF-8"?>
<window>

<control type="image">
						<left>33%</left>
				<alignx>center</alignx>
				<top>30</top>
				<width>500</width>
				<height>93</height>
				<texture>$INFO[ListItem.Art(banner)]</texture>
					<bordertexture colordiffuse="border_alpha">colors/gold.png</bordertexture>
				<bordersize>4</bordersize>
				<aspectratio aligny="center">scale</aspectratio>
			<visible>!String.IsEmpty(ListItem.Art(banner)</visible>
			</control>

	<defaultcontrol always="true">999</defaultcontrol>
	<controls>
		<control type="button" id="999">
			<left>0</left>
			<top>0</top>
			<width>100%</width>
			<height>100%</height>
			<texturefocus />
			<texturenofocus />
			<onright>StepForward</onright>
			<onleft>StepBack</onleft>
			<onup>ChapterOrBigStepForward</onup>
			<ondown>ChapterOrBigStepBack</ondown>
			<onclick>OSD</onclick>
		</control>
	</controls>
	
<control type="image">
						<left>33%</left>
				<alignx>center</alignx>
				<top>30</top>
				<width>500</width>
				<height>93</height>
				<texture>$INFO[ListItem.Art(banner)]</texture>
					<bordertexture colordiffuse="border_alpha">colors/gold.png</bordertexture>
				<bordersize>4</bordersize>
				<aspectratio aligny="center">scale</aspectratio>
			<visible>!String.IsEmpty(ListItem.Art(banner)</visible>
			</control>
</window>
