<?xml version="1.0" encoding="utf-8"?>
<window>
	<defaultcontrol always="true">450</defaultcontrol>
	<include>Animation_DialogPopupOpenClose</include>
	<controls>
		<control type="group">
			<centertop>50%</centertop>
			<centerleft>50%</centerleft>
			<width>1540</width>
			<height>858</height>
			<include content="DialogBackgroundCommons">
				<param name="width" value="1540" />
				<param name="height" value="858" />
				<param name="header_label" value="$LOCALIZE[1036]" />
				<param name="header_id" value="2" />
			</include>
			<include content="UpDownArrows">
				<param name="container_id" value="450" />
				<param name="posx" value="746" />
				<param name="up_posy" value="-40" />
				<param name="down_posy" value="876" />
			</include>
			<control type="scrollbar" id="60">
				<right>0</right>
				<top>70</top>
				<width>12</width>
				<bottom>0</bottom>
				<onleft>450</onleft>
				<onright>450</onright>
				<orientation>vertical</orientation>
			</control>
			<control type="panel" id="450">
				<left>10</left>
				<top>70</top>
				<width>1600</width>
				<bottom>0</bottom>
				<onleft>60</onleft>
				<onright>60</onright>
				<onup>450</onup>
				<ondown>450</ondown>
				<preloaditems>2</preloaditems>
				<pagecontrol>60</pagecontrol>
				<scrolltime tween="sine">200</scrolltime>
				<orientation>vertical</orientation>
				<itemlayout width="220" height="220">
					<control type="group">
						<top>10</top>
						<include content="InfoWallMusicLayout2">
							<param name="fallback_image" value="DefaultFavourites.png" />
						</include>
					</control>
				</itemlayout>
				<focusedlayout width="220">
					<control type="group">
						<top>10</top>
						<include content="InfoWallMusicLayout">
							<param name="fallback_image" value="DefaultFavourites.png" />
							<param name="focused" value="true" />
						</include>
					</control>
				</focusedlayout>
			</control>
			<control type="textbox">
				<left>300</left>
				<top>90</top>
				<width>900</width>
				<bottom>0</bottom>
				<aligny>center</aligny>
				<align>center</align>
				<label>$LOCALIZE[31025]</label>
				<font>font45_title</font>
				<visible>Integer.IsEqual(Container(450).NumItems,0)</visible>
			</control>
		</control>
	</controls>
</window>
