<?xml version="1.0" encoding="utf-8"?>
<window>
	<defaultcontrol></defaultcontrol>
	<backgroundcolor>background</backgroundcolor>
			<onload condition="System.AddonIsEnabled(script.artistslideshow) + !Skin.HasSetting(hide_background_fanart)">RunScript(script.artistslideshow)</onload>																																			
	<controls>
		<control type="visualisation" id="2">
			<include>FullScreenDimensions</include>
			<visible>Player.HasAudio</visible>
			
		</control>
			<control type="multiimage">
			<left>0</left>
			<top>0</top>
			<width>100%</width>
			<height>100%</height>
			<!-- <aspectratio>scale</aspectratio> -->
			<fadetime>400</fadetime>
			<timeperimage>5000</timeperimage>
			<randomize>true</randomize>
				<animation effect="fade" start="0" end="100" time="400">WindowOpen</animation>
				<animation effect="fade" start="100" end="0" time="300">WindowClose</animation>
																											 
				<animation effect="fade" start="100" end="50" time="0" condition="Visualisation.Enabled">Conditional</animation>
				<texture background="true">$INFO[Player.Art(fanart)]</texture>
				<visible>String.IsEmpty(Window(Visualisation).Property(ArtistSlideshow.Image))</visible>
			</control>
					<control type="image">
				<aspectratio>scale</aspectratio>
				<fadetime>400</fadetime>
				<animation effect="fade" start="0" end="100" time="400">WindowOpen</animation>
				<animation effect="fade" start="100" end="0" time="300">WindowClose</animation>
				<animation effect="fade" start="100" end="50" time="0" condition="Visualisation.Enabled">Conditional</animation>
				<texture background="true">$INFO[Window(Visualisation).Property(ArtistSlideshow.Image)]</texture>
			</control>
			<control type="group">
						  
			<visible>!Visualisation.Enabled + [[String.IsEmpty(Player.Art(fanart)) + String.IsEmpty(Window(Visualisation).Property(ArtistSlideshow.Image))] | Skin.HasSetting(hide_background_fanart)]</visible>
			<include>ColoredBackgroundImages</include>
		</control>
		<control type="visualisation">
			<include>FullScreenDimensions</include>
			<visible>Player.HasAudio</visible>
			<visible>Skin.HasSetting(enable_visualisation) + !Skin.HasSetting(show_visualisationbehind)</visible>
		</control>

		<!-- <control type="group"> -->
            <!-- <top>150</top> -->
            <!-- <visible>!Skin.HasSetting(enable_scrollingtext)</visible> -->
            <!-- <visible>!Window.IsVisible(script-cu-lrclyrics-main.xml) + !Window.IsVisible(Custom_1141_MusicPlayerInfo.xml)</visible> -->
            <!-- <animation effect="fade" start="0" end="100" time="350" tween="cubic" easing="inout">Visible</animation> -->
        	<!-- <animation effect="fade" start="0" end="100" time="350" tween="cubic" easing="inout">WindowOpen</animation> -->
            <!-- <animation effect="fade" end="0" start="600" time="150">Hidden</animation> -->
        	<!-- <animation effect="fade" end="0" start="100" time="300">WindowClose</animation> -->
        	<!-- <animation effect="slide" end="0,205" time="350" tween="cubic" easing="inout" condition="!Player.ShowInfo + !Window.IsVisible(musicosd)">Conditional</animation> -->
            <!-- <control type="label"> -->
                <!-- <description>Now Playing</description> -->
                <!-- <left>0</left> -->
                <!-- <top>0</top> -->
                <!-- <right>0</right> -->
                <!-- <label>$INFO[MusicPlayer.Title,  ,]$INFO[MusicPlayer.Title,  ,]$INFO[MusicPlayer.Title,  ,]$INFO[MusicPlayer.Title,  ,]$INFO[MusicPlayer.Title,  ,]$INFO[MusicPlayer.Title,  ,]$INFO[MusicPlayer.Title,  ,]$INFO[MusicPlayer.Title,  ,]$INFO[MusicPlayer.Title,  ,]$INFO[MusicPlayer.Title,  ,]$INFO[MusicPlayer.Title,  ,]$INFO[MusicPlayer.Title,  ,]$INFO[MusicPlayer.Title,  ,]$INFO[MusicPlayer.Title,  ,]$INFO[MusicPlayer.Title,  ,]$INFO[MusicPlayer.Title,  ,]$INFO[MusicPlayer.Title,  ,]$INFO[MusicPlayer.Title,  ,]$INFO[MusicPlayer.Title,  ,]$INFO[MusicPlayer.Title,  ,]$INFO[MusicPlayer.Title,  ,]$INFO[MusicPlayer.Title,  ,]$INFO[MusicPlayer.Title,  ,]$INFO[MusicPlayer.Title,  ,]$INFO[MusicPlayer.Title,  ,]</label> -->
                <!-- <scroll>true</scroll> -->
                <!-- <font>font_musicvis_biggest</font> -->
                <!-- <textcolor>77ffffff</textcolor> -->
                <!-- <align>left</align> -->
                <!-- <scrollspeed>55</scrollspeed> -->
            <!-- </control> -->
            <!-- <control type="label"> -->
                <!-- <description>Now Playing</description> -->
                <!-- <left>0</left> -->
                <!-- <top>100</top> -->
                <!-- <right>0</right> -->
                 <!-- <label>$INFO[MusicPlayer.Album,  ,]$INFO[MusicPlayer.Album,  ,]$INFO[MusicPlayer.Album,  ,]$INFO[MusicPlayer.Album,  ,]$INFO[MusicPlayer.Album, ,]$INFO[MusicPlayer.Album,  ,]$INFO[MusicPlayer.Album,  ,]$INFO[MusicPlayer.Album,  ,]$INFO[MusicPlayer.Album,  ,]$INFO[MusicPlayer.Album,  ,]$INFO[MusicPlayer.Album,  ,]$INFO[MusicPlayer.Album,  ,]$INFO[MusicPlayer.Album,  ,]$INFO[MusicPlayer.Album,  ,]$INFO[MusicPlayer.Album,  ,]$INFO[MusicPlayer.Album,  ,]$INFO[MusicPlayer.Album,  ,]$INFO[MusicPlayer.Album,  ,]$INFO[MusicPlayer.Album,  ,]$INFO[MusicPlayer.Album,  ,]$INFO[MusicPlayer.Album,  ,]$INFO[MusicPlayer.Album,  ,]$INFO[MusicPlayer.Album,  ,]$INFO[MusicPlayer.Album,  ,]$INFO[MusicPlayer.Album,  ,]</label> -->
                <!-- <scroll>true</scroll> -->
                <!-- <font>font_musicvis_bigger</font> -->
                <!-- <textcolor>44cccccc</textcolor> -->
                <!-- <align>left</align> -->
                <!-- <scrollspeed>100</scrollspeed> -->
            <!-- </control> -->
            <!-- <control type="label"> -->
                <!-- <description>Now Playing</description> -->
                <!-- <left>0</left> -->
                <!-- <top>210</top> -->
                <!-- <right>0</right> -->
                <!-- <label>$INFO[MusicPlayer.Artist,  ,]$INFO[MusicPlayer.Artist,  ,]$INFO[MusicPlayer.Artist,  ,]$INFO[MusicPlayer.Artist,  ,]$INFO[MusicPlayer.Artist,  ,]$INFO[MusicPlayer.Artist,  ,]$INFO[MusicPlayer.Artist,  ,]$INFO[MusicPlayer.Artist,  ,]$INFO[MusicPlayer.Artist,  ,]$INFO[MusicPlayer.Artist,  ,]$INFO[MusicPlayer.Artist,  ,]$INFO[MusicPlayer.Artist,  ,]$INFO[MusicPlayer.Artist,  ,]$INFO[MusicPlayer.Artist,  ,]$INFO[MusicPlayer.Artist,  ,]$INFO[MusicPlayer.Artist,  ,]$INFO[MusicPlayer.Artist,  ,]$INFO[MusicPlayer.Artist,  ,]$INFO[MusicPlayer.Artist,  ,]$INFO[MusicPlayer.Artist,  ,]$INFO[MusicPlayer.Artist,  ,]$INFO[MusicPlayer.Artist,  ,]$INFO[MusicPlayer.Artist,  ,]$INFO[MusicPlayer.Artist,  ,]$INFO[MusicPlayer.Artist,  ,]</label> -->
                <!-- <scroll>true</scroll> -->
                <!-- <font>font_musicvis_big</font> -->
                <!-- <textcolor>99cccccc</textcolor> -->
                <!-- <align>left</align> -->
                <!-- <scrollspeed>80</scrollspeed> -->
                 <!-- <visible>!Pvr.IsPlayingRadio</visible> -->
            <!-- </control> -->
            <!-- <control type="label"> -->
                <!-- <description>Now Playing</description> -->
                <!-- <left>0</left> -->
                <!-- <top>210</top> -->
                <!-- <right>0</right> -->
                <!-- <label>$INFO[Window(Home).Property(SkinHelper.Player.Album),  ,]$INFO[Window(Home).Property(SkinHelper.Player.Album),  ,]$INFO[Window(Home).Property(SkinHelper.Player.Album),  ,]$INFO[Window(Home).Property(SkinHelper.Player.Album),  ,]$INFO[Window(Home).Property(SkinHelper.Player.Album),  ,]$INFO[Window(Home).Property(SkinHelper.Player.Album),  ,]$INFO[Window(Home).Property(SkinHelper.Player.Album),  ,]$INFO[Window(Home).Property(SkinHelper.Player.Album),  ,]$INFO[Window(Home).Property(SkinHelper.Player.Album),  ,]$INFO[Window(Home).Property(SkinHelper.Player.Album),  ,]$INFO[Window(Home).Property(SkinHelper.Player.Album),  ,]$INFO[Window(Home).Property(SkinHelper.Player.Album),  ,]$INFO[Window(Home).Property(SkinHelper.Player.Album),  ,]$INFO[Window(Home).Property(SkinHelper.Player.Album),  ,]$INFO[Window(Home).Property(SkinHelper.Player.Album),  ,]$INFO[Window(Home).Property(SkinHelper.Player.Album),  ,]$INFO[Window(Home).Property(SkinHelper.Player.Album),  ,]$INFO[Window(Home).Property(SkinHelper.Player.Album),  ,]$INFO[Window(Home).Property(SkinHelper.Player.Album),  ,]$INFO[Window(Home).Property(SkinHelper.Player.Album),  ,]$INFO[Window(Home).Property(SkinHelper.Player.Album),  ,]$INFO[Window(Home).Property(SkinHelper.Player.Album),  ,]$INFO[Window(Home).Property(SkinHelper.Player.Album),  ,]$INFO[Window(Home).Property(SkinHelper.Player.Album),  ,]$INFO[Window(Home).Property(SkinHelper.Player.Album),  ,]</label> -->
                <!-- <scroll>true</scroll> -->
                <!-- <font>font_musicvis_big</font> -->
                <!-- <textcolor>99cccccc</textcolor> -->
                <!-- <align>left</align> -->
                <!-- <scrollspeed>80</scrollspeed> -->
                 <!-- <visible>Player.IsInternetStream</visible> -->
            <!-- </control> -->
             <!-- <control type="label"> -->
                <!-- <description>Now Playing</description> -->
                <!-- <left>0</left> -->
                <!-- <top>210</top> -->
                <!-- <right>0</right> -->
                <!-- <label>$INFO[VideoPlayer.ChannelName,  ,]$INFO[VideoPlayer.ChannelName,  ,]$INFO[VideoPlayer.ChannelName,  ,]$INFO[VideoPlayer.ChannelName,  ,]$INFO[VideoPlayer.ChannelName,  ,]$INFO[VideoPlayer.ChannelName,  ,]$INFO[VideoPlayer.ChannelName,  ,]$INFO[VideoPlayer.ChannelName,  ,]$INFO[VideoPlayer.ChannelName,  ,]$INFO[VideoPlayer.ChannelName,  ,]$INFO[VideoPlayer.ChannelName,  ,]$INFO[VideoPlayer.ChannelName,  ,]$INFO[VideoPlayer.ChannelName,  ,]$INFO[VideoPlayer.ChannelName,  ,]$INFO[VideoPlayer.ChannelName,  ,]$INFO[VideoPlayer.ChannelName,  ,]$INFO[VideoPlayer.ChannelName,  ,]$INFO[VideoPlayer.ChannelName,  ,]$INFO[VideoPlayer.ChannelName,  ,]$INFO[VideoPlayer.ChannelName,  ,]$INFO[VideoPlayer.ChannelName,  ,]$INFO[VideoPlayer.ChannelName,  ,]$INFO[VideoPlayer.ChannelName,  ,]$INFO[VideoPlayer.ChannelName,  ,]$INFO[VideoPlayer.ChannelName,  ,]</label> -->
                <!-- <scroll>true</scroll> -->
                <!-- <font>font_musicvis_big</font> -->
                <!-- <textcolor>99cccccc</textcolor> -->
                <!-- <align>left</align> -->
                <!-- <scrollspeed>80</scrollspeed> -->
                <!-- <visible>Pvr.IsPlayingRadio</visible> -->
            <!-- </control> -->
        <!-- </control> -->
			<control type="group">
			
		<top>150</top>
		<left>750</left>
		
		
			</control>
		<control type="group">
		<top>150</top>
				<!-- <visible>[Player.ShowInfo | Window.IsActive(musicosd)] + ![Window.IsActive(playerprocessinfo) | MusicPlayer.Content(livetv)]</visible> -->
				<!-- <include>Visible_Left</include> -->
				<left>40</left>
				<top>10</top>
					<control type="label">
					<top>0</top>
					<width>1450</width>
					<height>40</height>
					<aligny>center</aligny>
					<font>font45_title</font>
						<label>[COLOR white]$INFO[MusicPlayer.Offset(-1).TrackNumber,,. ]$INFO[MusicPlayer.Offset(-1).Title]$INFO[MusicPlayer.Offset(-1).Artist, - ][/COLOR]</label>
					<shadowcolor>black</shadowcolor>
					<scroll>true</scroll>
					<visible>Integer.IsGreater(Playlist.Length(music),-1)</visible>
				</control>
				<control type="label">
					<top>40</top>
					<width>1850</width>
					<height>50</height>
					<aligny>center</aligny>
					<label>[COLOR pink][B]$INFO[MusicPlayer.TrackNumber,,.  ]$INFO[Player.Title] - $INFO[MusicPlayer.Artist] [/B][/COLOR] $INFO[Player.TimeRemaining]</label>
					<font>font52_title</font>
					<shadowcolor>black</shadowcolor>
					<scroll>true</scroll>
				</control>
				<!-- <control type="label"> -->
					<!-- <top>65</top> -->
					<!-- <width>1450</width> -->
					<!-- <height>50</height> -->
					<!-- <aligny>center</aligny> -->
					<!-- <label>$INFO[MusicPlayer.Artist]</label> -->
					<!-- <font>font45</font> -->
					<!-- <shadowcolor>black</shadowcolor> -->
					<!-- <scroll>true</scroll> -->
				<!-- </control> -->
				<control type="label">
					<top>-105</top>
					<left>800</left>
					<!-- <width>1920</width> -->
					<height>40</height>
					<aligny>center</aligny>
					<label>[B]$INFO[MusicPlayer.Album]$VAR[MultiDiscVar][/B] </label>
					<font>font60</font>
					<shadowcolor>black</shadowcolor>
					<scroll>true</scroll>
				</control>
				<!-- <control type="grouplist"> -->
					<!-- <left>1200</left> -->
					<!-- <top>350</top> -->
					<!-- <width>1450</width> -->
					<!-- <height>40</height> -->
					<!-- <align>left</align> -->
					<!-- <orientation>horizontal</orientation> -->
					<!-- <itemgap>20</itemgap> -->
					<!-- <control type="label"> -->
						<!-- <width>100</width> -->
						<!-- <height>40</height> -->
						<!-- <label>$INFO[MusicPlayer.Year]</label> -->
						<!-- <font>font37</font> -->
						<!-- <shadowcolor>black</shadowcolor> -->
						<!-- <aligny>center</aligny> -->
						<!-- <align>left</align> -->
						<!-- <visible>!String.IsEmpty(MusicPlayer.Year)</visible> -->
					<!-- </control> -->
					<!-- <control type="label"> -->
						<!-- <width min="0" max="1130">auto</width> -->
						<!-- <height>40</height> -->
						<!-- <label>$INFO[MusicPlayer.Genre]</label> -->
						<!-- <font>font37</font> -->
						<!-- <shadowcolor>black</shadowcolor> -->
						<!-- <aligny>center</aligny> -->
						<!-- <align>left</align> -->
						<!-- <scroll>true</scroll> -->
						<!-- <visible>!String.IsEmpty(MusicPlayer.Genre)</visible> -->
					<!-- </control> -->
					<!-- <control type="image"> -->
						<!-- <width>190</width> -->
						<!-- <height>40</height> -->
						<!-- <texture fallback="flags/starrating/0.png">$INFO[MusicPlayer.UserRating,flags/starrating/,.png]</texture> -->
						<!-- <aspectratio>keep</aspectratio> -->
						<!-- <aligny>center</aligny> -->
						<!-- <align>left</align> -->
					<!-- </control> -->
				<!-- </control> -->
				
				<control type="label">
					<top>90</top>
					<width>1450</width>
					<height>40</height>
					<aligny>center</aligny>
					<font>font45_title</font>
						<label>[COLOR white]$INFO[MusicPlayer.Offset(1).TrackNumber,,. ]$INFO[MusicPlayer.Offset(1).Title]$INFO[MusicPlayer.Offset(1).Artist, - [B],[/B]][/COLOR] </label>
					<shadowcolor>black</shadowcolor>
					<scroll>true</scroll>
					<visible>Integer.IsGreater(Playlist.Length(music),1)</visible>
				</control>
				<control type="label">
					<top>130</top>
					<width>1450</width>
					<height>40</height>
					<aligny>center</aligny>
					<font>font36_title</font>
						<label>[COLOR white]$INFO[MusicPlayer.Offset(2).TrackNumber,,. ]$INFO[MusicPlayer.Offset(2).Title]$INFO[MusicPlayer.Offset(2).Artist, - [B],[/B]][/COLOR]</label>
					<shadowcolor>black</shadowcolor>
					<scroll>true</scroll>
					<visible>Integer.IsGreater(Playlist.Length(music),2)</visible>
				</control>
				<control type="label">
					<top>170</top>
					<width>1450</width>
					<height>40</height>
					<aligny>center</aligny>
					<font>font32_title</font>
						<label>[COLOR white]$INFO[MusicPlayer.Offset(3).TrackNumber,,. ]$INFO[MusicPlayer.Offset(3).Title]$INFO[MusicPlayer.Offset(3).Artist, - [B],[/B]][/COLOR]</label>
					<shadowcolor>black</shadowcolor>
					<scroll>true</scroll>
					<visible>Integer.IsGreater(Playlist.Length(music),3)</visible>
				</control>
					<control type="label">
					<top>200</top>
					<width>1450</width>
					<height>40</height>
					<aligny>center</aligny>
					<font>font30_title</font>
						<label>[COLOR white]$INFO[MusicPlayer.Offset(4).TrackNumber,,. ]$INFO[MusicPlayer.Offset(4).Title]$INFO[MusicPlayer.Offset(4).Artist, - [B],[/B]][/COLOR] </label>
					<shadowcolor>black</shadowcolor>
					<scroll>true</scroll>
					<visible>Integer.IsGreater(Playlist.Length(music),4)</visible>
				</control>
					<control type="label">
				<top>340</top>
			<left>1205</left>
				<height>80</height>
				<right>320</right>
				<aligny>center</aligny>
				<label>$VAR[ListLabelVar]</label>
				<shadowcolor>text_shadow</shadowcolor>
			</control>
			<control type="group">
			<!-- <visible>Skin.HasSetting(show_artist_bio)</visible> -->
			<!-- <visible>[Player.ShowInfo | Window.IsActive(musicosd)] + ![Window.IsActive(playerprocessinfo) | MusicPlayer.Content(livetv)]</visible> -->
		
		<include>Visible_Left</include>
			<control type="image">
				<top>135</top>
				<right>0</right>
				<width>1150</width>
				<height>800</height>
				<texture colordiffuse="80FFFFFF">dialogs/dialog-bg-nobo.png</texture>
			</control>
			<control type="textbox" id="1012">
				<top>132</top>
				<right>50</right>
				<width>55%</width>
				<height>750</height>
				<description>Artist Biography from Artist Slideshow</description>
				<align>right</align>
				<aligny>top</aligny>
				<font>font13</font>
				<scroll>true</scroll>
				<wrapmultiline>true</wrapmultiline>
				<autoscroll time="2000" delay="10000" repeat="5000"></autoscroll>
				<label>$INFO[Window(Visualisation).Property(ArtistSlideshow.ArtistBiography)]</label>
			</control>
		</control>
			<control type="group">
			<!-- <control type="image"> -->
						<!-- <bottom>294</bottom> -->
						<!-- <right>10</right> -->
						<!-- <width>640</width> -->
						<!-- <height>151</height> -->
						<!-- <aspectratio align="right" aligny="center">keep</aspectratio> -->
						<!-- <texture background="true">$VAR[BannerPlayerArtVar]</texture> -->
						<!-- <bordertexture border="21">overlays/shadow.png</bordertexture> -->
						<!-- <bordersize>20</bordersize> -->
						<!-- <visible>!Skin.HasSetting(show_artistbanner) + [Window.IsVisible(MusicVisualisation.xml) | Pvr.IsPlayingRadio] + [[String.IsEmpty(Player.Art(clearart)) + String.IsEmpty(Window(Home).Property(SkinHelper.Player.Art.Clearart))] | Skin.HasSetting(enable_artistclearart)]</visible> -->
					<!-- </control> -->
				<control type="image">
				<left>30</left>
				<top>580</top>
				<width>300</width>
				<height>300</height>
				<fadetime>400</fadetime>
				<!-- <aspectratio aligny="bottom">keep</aspectratio> -->
							<texture background="true" border="2" >$INFO[Player.Art(album.back)]</texture>
				<bordertexture colordiffuse="border_alpha">colors/black.png</bordertexture>
				<bordersize>4</bordersize>
			</control>
				<control type="image">
				<left>340</left>
				<top>580</top>
				<width>20</width>
				<height>300</height>
				<fadetime>400</fadetime>
				<!-- <aspectratio aligny="bottom">keep</aspectratio> -->
							<texture background="true" border="2" >$INFO[Player.Art(album.spine)]</texture>
				<bordertexture colordiffuse="border_alpha">colors/black.png</bordertexture>
				<bordersize>4</bordersize>
			</control>
				<control type="image">
				<left>370</left>
				<top>580</top>
				<width>300</width>
				<height>300</height>
				<fadetime>400</fadetime>
				<!-- <aspectratio aligny="bottom">keep</aspectratio> -->
					<texture background="true" border="2" fallback="DefaultAudio.png">$INFO[MusicPlayer.Cover]</texture>
				<bordertexture colordiffuse="border_alpha">colors/black.png</bordertexture>
				<bordersize>4</bordersize>
			</control>
			<control type="image">
				<left>370</left>
				<top>430</top>
				<width>300</width>
				<height>300</height>
					<aligny>top</aligny>
					<aspectratio align="left">keep</aspectratio>
					<fadetime>300</fadetime>
					<!-- <animation effect="rotate" end="-360" center="auto" time="4800" loop="true" reversible="false" condition="Player.Playing">Conditional</animation> -->
					<texture background="true">$INFO[Player.Art(discart)]</texture>
					<!-- <visible>!Skin.HasSetting(show_discart) + !Window.IsVisible(MusicVisualisation.xml)</visible> -->
					<!-- <visible>!VideoPlayer.Content(musicvideos)</visible> -->
				</control>
			<!-- <control type="image"> -->
						<!-- <bottom>294</bottom> -->
						<!-- <right>10</right> -->
						<!-- <width>640</width> -->
						<!-- <height>151</height> -->
						<!-- <aspectratio align="right" aligny="center">keep</aspectratio> -->
						<!-- <texture background="true">$INFO[Player.Art(banner)]</texture> -->
						<!-- <bordertexture border="21">overlays/shadow.png</bordertexture> -->
						<!-- <bordersize>20</bordersize> -->
						<!-- <visible>!Skin.HasSetting(show_artistbanner) + [Window.IsVisible(MusicVisualisation.xml) | Pvr.IsPlayingRadio] + [[String.IsEmpty(Player.Art(clearart)) + String.IsEmpty(Window(Home).Property(SkinHelper.Player.Art.Clearart))] | Skin.HasSetting(enable_artistclearart)]</visible> -->
					<!-- </control> -->
		<control type="image">
						<left>40</left>
						<top>20</top>
						<width>400</width>
						<height>155</height>
						<texture background="true">$INFO[MusicPlayer.Art(clearlogo)]</texture>
						<aspectratio aligny="center">scale</aspectratio>
							<visible>!Skin.HasSetting(show_artistbanner) + [Window.IsVisible(MusicVisualisation.xml) | Pvr.IsPlayingRadio] + [[String.IsEmpty(Player.Art(clearart)) + String.IsEmpty(Window(Home).Property(SkinHelper.Player.Art.Clearart))] | Skin.HasSetting(enable_artistclearart)]</visible>
					</control>
				</control>
			</control>
	</controls>
</window>
