<?xml version="1.0" encoding="UTF-8"?>
<window>
	<defaultcontrol>9000</defaultcontrol>
	<onunload>RunScript(script.skinshortcuts,type=buildxml&amp;mainmenuID=9000&amp;group=mainmenu)</onunload>
	<backgroundcolor>background</backgroundcolor>
	<onload condition="String.IsEmpty(Skin.String(background_overlay))">Skin.SetString(background_overlay,1)</onload>
	<controls>
		<include>DefaultBackground</include>
		<control type="multiimage">
			<depth>DepthBackground</depth>
			<include>FullScreenDimensions</include>
			<aspectratio>scale</aspectratio>
			<fadetime>600</fadetime>
			<animation effect="zoom" center="auto" end="102,102" time="0" condition="Integer.IsGreater(System.StereoscopicMode,0)">conditional</animation>
			<animation effect="fade" start="0" end="100" time="400">WindowOpen</animation>
			<animation effect="fade" start="100" end="0" time="300">WindowClose</animation>
			<animation effect="fade" time="400">VisibleChange</animation>
			<imagepath background="true" colordiffuse="bg_overlay">$INFO[Skin.String(HomeFanart.path)]settings$INFO[Skin.String(HomeFanart.ext)]</imagepath>
			<visible>!Player.HasMedia + !String.IsEmpty(Skin.String(HomeFanart.path))</visible>
		</control>
		<control type="group" id="10000">
			<left>470</left>
			<include>OpenClose_Right</include>
			<control type="grouplist" id="700">
				<top>133</top>
				<left>0</left>
				<right>0</right>
				<bottom>140</bottom>
				<onleft>9000</onleft>
				<onright>60</onright>
				<onup>700</onup>
				<ondown>700</ondown>
				<visible>Container(9000).HasFocus(1)</visible>
				<control type="radiobutton" id="701">
					<label>$LOCALIZE[31095]</label>
					<include>DefaultSettingButton</include>
					<selected>!Skin.HasSetting(no_slide_animations)</selected>
					<onclick>Skin.ToggleSetting(no_slide_animations)</onclick>
				</control>
				<control type="radiobutton" id="702">
					<label>$LOCALIZE[20189]</label>
					<include>DefaultSettingButton</include>
					<onclick>Skin.ToggleSetting(autoscroll)</onclick>
					<selected>Skin.HasSetting(autoscroll)</selected>
				</control>
				<control type="radiobutton" id="703">
					<label>$LOCALIZE[31158]</label>
					<include>DefaultSettingButton</include>
					<onclick>Skin.ToggleSetting(touchmode)</onclick>
					<selected>Skin.HasSetting(touchmode)</selected>
				</control>
				<control type="radiobutton" id="704">
					<label>$LOCALIZE[31093]</label>
					<include>DefaultSettingButton</include>
					<onclick condition="!String.IsEmpty(Weather.Plugin)">Skin.ToggleSetting(show_weatherinfo)</onclick>
					<onclick condition="String.IsEmpty(Weather.Plugin)">ActivateWindow(servicesettings,weather)</onclick>
					<selected>Skin.HasSetting(show_weatherinfo) + !String.IsEmpty(Weather.Plugin)</selected>
				</control>
				<control type="radiobutton" id="705">
					<label>$LOCALIZE[31160]</label>
					<include>DefaultSettingButton</include>
					<onclick>Skin.ToggleSetting(hide_mediaflags)</onclick>
					<selected>!Skin.HasSetting(hide_mediaflags)</selected>
				</control>
				<control type="button" id="706">
					<label>$LOCALIZE[31024]</label>
					<include>DefaultSettingButton</include>
					<onclick>Skin.SelectBool(31024, 38018|circle_userrating, 563|circle_rating, 16018|circle_none)</onclick>
					<label2>$VAR[RatingSettingLabel2Var]</label2>
				</control>
				<control type="button" id="707">
					<label>$LOCALIZE[31164]</label>
					<include>DefaultSettingButton</include>
					<onclick>Skin.SelectBool(31164, 31165|show_profilename, 31166|show_profileavatar, 16018|show_none)</onclick>
					<label2>$VAR[ProfileIdentificationLabel2Var]</label2>
				</control>
			
			</control>
			<control type="grouplist" id="400">
				<top>168</top>
				<left>0</left>
				<right>0</right>
				<bottom>142</bottom>
				<onleft>9000</onleft>
				<onright>60</onright>
				<onup>400</onup>
				<ondown>400</ondown>
				<pagecontrol>60</pagecontrol>
				<visible>Container(9000).HasFocus(7)</visible>
				<control type="button" id="401">
					<include>DefaultSettingButton</include>
					<label>$LOCALIZE[40070]</label>
					<onclick>RunScript(script.skin.helper.skinbackup,action=backup)</onclick>
				</control>
				<control type="button" id="402">
					<include>DefaultSettingButton</include>
					<label>  ∟$LOCALIZE[40072]</label>
					<onclick condition="!System.HasAddon(script.skin.helper.skinbackup)">InstallAddon(script.skin.helper.skinbackup)</onclick>
					<onclick condition="System.HasAddon(script.skin.helper.skinbackup)">Addon.OpenSettings(script.skin.helper.skinbackup)</onclick>
				</control>
				<control type="button" id="403">
					<label>$LOCALIZE[40071]</label>
					<include>DefaultSettingButton</include>
					<onclick>RunScript(script.skin.helper.skinbackup,action=restore)</onclick>
				</control>
			</control>
			<control type="grouplist" id="600">
				<top>133</top>
				<left>0</left>
				<right>0</right>
				<bottom>140</bottom>
				<onleft>9000</onleft>
				<onright>60</onright>
				<onup>600</onup>
				<ondown>600</ondown>
				<visible>Container(9000).HasFocus(3)</visible>
				<control type="radiobutton" id="605">
					<label>$LOCALIZE[31002]</label>
					<include>DefaultSettingButton</include>
					<onclick>Skin.ToggleSetting(no_fanart)</onclick>
					<selected>!Skin.HasSetting(no_fanart)</selected>
				</control>
				<control type="button" id="607">
					<label>$LOCALIZE[31156]</label>
					<label2>$VAR[BackgroundOverlayTypeVar]</label2>
					<include>DefaultSettingButton</include>
					<onclick condition="String.IsEqual(Skin.String(background_overlay),7)">Skin.SetString(background_overlay,0)</onclick>
					<onclick condition="String.IsEqual(Skin.String(background_overlay),6)">Skin.SetString(background_overlay,7)</onclick>
					<onclick condition="String.IsEqual(Skin.String(background_overlay),5)">Skin.SetString(background_overlay,6)</onclick>
					<onclick condition="String.IsEqual(Skin.String(background_overlay),4)">Skin.SetString(background_overlay,5)</onclick>
					<onclick condition="String.IsEqual(Skin.String(background_overlay),3)">Skin.SetString(background_overlay,4)</onclick>
					<onclick condition="String.IsEqual(Skin.String(background_overlay),2)">Skin.SetString(background_overlay,3)</onclick>
					<onclick condition="String.IsEqual(Skin.String(background_overlay),1)">Skin.SetString(background_overlay,2)</onclick>
					<onclick condition="String.IsEqual(Skin.String(background_overlay),0)">Skin.SetString(background_overlay,1)</onclick>
				</control>
				<control type="button" id="608">
					<label>$LOCALIZE[31131]</label>
					<label2>$INFO[Skin.String(HomeFanart.name)]</label2>
					<include>DefaultSettingButton</include>
					<onclick condition="System.AddonIsEnabled(script.image.resource.select)">RunScript(script.image.resource.select,property=HomeFanart&amp;type=resource.images.skinbackgrounds)</onclick>
					<onclick condition="System.HasAddon(script.image.resource.select) + !System.AddonIsEnabled(script.image.resource.select)">EnableAddon(script.image.resource.select)</onclick>
					<onclick condition="!System.HasAddon(script.image.resource.select)">InstallAddon(script.image.resource.select)</onclick>
					<enable>!Skin.HasSetting(no_fanart)</enable>
				</control>
				<control type="button" id="609">
					<label>$LOCALIZE[31062]</label>
					<label2>$INFO[Skin.String(WeatherFanart.name)]</label2>
					<include>DefaultSettingButton</include>
					<onclick condition="System.AddonIsEnabled(script.image.resource.select)">RunScript(script.image.resource.select,property=WeatherFanart&amp;type=resource.images.weatherfanart)</onclick>
					<onclick condition="System.HasAddon(script.image.resource.select) + !System.AddonIsEnabled(script.image.resource.select)">EnableAddon(script.image.resource.select)</onclick>
					<onclick condition="!System.HasAddon(script.image.resource.select)">InstallAddon(script.image.resource.select)</onclick>
					<enable>!Skin.HasSetting(no_fanart)</enable>
				</control>
			
				<control type="button" id="610">
					<label>$LOCALIZE[40062]</label>
					<label2>$VAR[Label_SkinSetting_WeatherIcons]</label2>
					<include>DefaultSettingButton</include>
					<onclick condition="System.HasAddon(script.image.resource.select)">RunScript(script.image.resource.select,property=WeatherIcons&amp;type=resource.images.weathericons)</onclick>
																																												  
					<onclick condition="!System.HasAddon(script.image.resource.select)">InstallAddon(script.image.resource.select)</onclick>
												 
				</control>
				<control type="button" id="611">
					<label>$LOCALIZE[40108]</label>
					<label2>$VAR[Label_SkinSetting_StudioLogos]</label2>
					<include>DefaultSettingButton</include>
					<onclick condition="System.HasAddon(script.image.resource.select)">RunScript(script.image.resource.select,property=studiologos&amp;type=resource.images.studios)</onclick>
																																												  
					<onclick condition="!System.HasAddon(script.image.resource.select)">InstallAddon(script.image.resource.select)</onclick>
				</control>
				<control type="button" id="612">
					<label>$LOCALIZE[40109]</label>
					<label2>$VAR[Label_SkinSetting_RecordLabels]</label2>
					<include>DefaultSettingButton</include>
					<onclick condition="System.HasAddon(script.image.resource.select)">RunScript(script.image.resource.select,property=recordlabels&amp;type=resource.images.recordlabels)</onclick>
					<onclick condition="!System.HasAddon(script.image.resource.select)">InstallAddon(script.image.resource.select)</onclick>
				</control>
				
				
				
				
				
				
				<control type="button" id="6066">
					<label>$LOCALIZE[31149]</label>
					<label2>$INFO[Skin.String(MovieGenreFanart.Name)]</label2>
					<include>DefaultSettingButton</include>
					<onclick condition="System.AddonIsEnabled(script.image.resource.select)">RunScript(script.image.resource.select,property=MovieGenreFanart&amp;type=resource.images.moviegenrefanart)</onclick>
					<onclick condition="System.HasAddon(script.image.resource.select) + !System.AddonIsEnabled(script.image.resource.select)">EnableAddon(script.image.resource.select)</onclick>
					<onclick condition="!System.HasAddon(script.image.resource.select)">InstallAddon(script.image.resource.select)</onclick>
				</control>
				<control type="radiobutton" id="6067">
					<label>$LOCALIZE[31168]</label>
					<include>DefaultSettingButton</include>
					<onclick>Skin.ToggleSetting(show_musicvideoposter)</onclick>
					<selected>Skin.HasSetting(show_musicvideoposter)</selected>
				</control>
				<control type="radiobutton" id="6068">
					<label>$LOCALIZE[31170]</label>
					<include>DefaultSettingButton</include>
					<onclick>Skin.ToggleSetting(usesmallposter)</onclick>
					<selected>Skin.HasSetting(usesmallposter)</selected>
				</control>
					<control type="radiobutton" id="6069">
					<label>Text as WIDGET</label>
					<include>DefaultSettingButton</include>
					<onclick>Skin.ToggleSetting(textaswidget)</onclick>
					<selected>Skin.HasSetting(textaswidget)</selected>
				</control>
				<control type="button" id="613">
					<label>$LOCALIZE[10041]</label>
					<include>DefaultSettingButton</include>
					<onclick>RunScript(script.skin.helper.service,action=dialogyesno,header=$LOCALIZE[10041],message=$LOCALIZE[10042],yesaction=Skin.Reset(no_fanart)|Skin.Reset(global-background)|Skin.Reset(EnableExtraFanart)|Skin.Reset(Skin_EnableAnimatedPosters)|Skin.Reset(HomeFanart.name)|Skin.Reset(MovieGenreFanart.name)|Skin.Reset(moviegenreicons.name)|Skin.Reset(moviecountryicons.name)|Skin.Reset(WeatherFanart.name)|Skin.Reset(WeatherIcons.name)|Skin.Reset(studiologos.name)|Skin.Reset(recordlabels.name))</onclick>
				</control>
				
			</control>
			<control type="grouplist" id="610">
				<top>133</top>
				<left>0</left>
				<right>0</right>
				<bottom>140</bottom>
				<onleft>9000</onleft>
				<onright>60</onright>
				<onup>610</onup>
				<pagecontrol>60</pagecontrol>
				<ondown>610</ondown>
				<visible>Container(9000).HasFocus(2)</visible>
				<!-- <control type="radiobutton" id="621"> -->
					<!-- <label>Full Menu</label> -->
					<!-- <include>DefaultSettingButton</include> -->
					<!-- <selected>!Skin.HasSetting(menustyle)</selected> -->
					<!-- <onclick>Skin.ToggleSetting(menustyle)</onclick> -->
				<!-- </control> -->
			
					<control type="radiobutton" id="622">
					<label>Skin Shortcuts $INFO[System.AddonVersion(script.skinshortcuts),(,)]</label>
					<textureradioonfocus colordiffuse="ffffffff">buttons/status-on.png</textureradioonfocus>
					<textureradioonnofocus colordiffuse="ffffffff">buttons/status-on.png</textureradioonnofocus>
					<textureradioofffocus colordiffuse="fff02222">buttons/status-off.png</textureradioofffocus>
					<textureradiooffnofocus colordiffuse="fff02222">buttons/status-off.png</textureradiooffnofocus>
					<onclick condition="!System.HasAddon(script.skinshortcuts)">InstallAddon(script.skinshortcuts)</onclick>
					<onclick condition="System.HasAddon(script.skinshortcuts)">Addon.OpenSettings(script.skinshortcuts)</onclick>
					<selected>System.HasAddon(script.skinshortcuts)</selected>
					<include>DefaultSettingButton</include>
																 
																 
				</control>
					<control type="button" id="623">
					<label>Set Skin Shortcuts</label>
					<include>DefaultSettingButton</include>
					<onclick condition="!System.HasAddon(script.skinshortcuts)">InstallAddon(script.skinshortcuts)</onclick>
					<onclick>RunScript(script.skinshortcuts,type=manage&amp;group=mainmenu)</onclick>
																														 
															 
				</control>
				<control type="button" id="624">
					<label> Reset Skin Shortcuts</label>
					<include>DefaultSettingButton</include>
					<onclick condition="!System.HasAddon(script.skinshortcuts)">InstallAddon(script.skinshortcuts)</onclick>
					
					<onclick>RunScript(script.skinshortcuts,type=resetall)</onclick>
				</control>
				<control type="button" id="625">
					<label>$LOCALIZE[40067]</label>
					<label2>$VAR[Label_SkinSetting_WidgetNumber]</label2>
					<include>DefaultSettingButton</include>
					<onclick>Skin.SetNumeric(widgetnumber)</onclick>
				</control>	
					<control type="button" id="626">
					<label>$LOCALIZE[40037]</label>
					<include>DefaultSettingButton</include>
					<onclick>Skin.SelectBool(40037, 15109|, 40038|opacity_0, 40039|opacity_5, 40040|opacity_10, 40041|opacity_15, 40042|opacity_20, 40043|opacity_25, 40044|opacity_30, 40045|opacity_35, 40046|opacity_40, 40047|opacity_45, 40048|opacity_50, 40049|opacity_55, 40050|opacity_60, 40051|opacity_65, 40052|opacity_70, 40053|opacity_75, 40054|opacity_80, 40055|opacity_85, 40056|opacity_90, 40057|opacity_95, 40058|opacity_100)</onclick>
					<label2>$VAR[OpacitySettingLabel2Var]</label2>
				</control>
</control>

	<control type="grouplist" id="510">
				<top>133</top>
				<left>0</left>
				<right>0</right>
				<bottom>140</bottom>
				<onleft>9000</onleft>
				<onright>60</onright>
				<onup>610</onup>
				<pagecontrol>60</pagecontrol>
				<ondown>610</ondown>
				<visible>Container(9000).HasFocus(5)</visible>
				
								<control type="button" id="526">
					<label>$LOCALIZE[40124]</label>
					<include>DefaultSettingButton</include>
					<onclick>Skin.SelectBool(40124, 15109|, 40038|opacitybars_0, 40039|opacitybars_5, 40040|opacitybars_10, 40041|opacitybars_15, 40042|opacitybars_20, 40043|opacitybars_25, 40044|opacitybars_30, 40045|opacitybars_35, 40046|opacitybars_40, 40047|opacitybars_45, 40048|opacitybars_50, 40049|opacitybars_55, 40050|opacitybars_60, 40051|opacitybars_65, 40052|opacitybars_70, 40053|opacitybars_75, 40054|opacitybars_80, 40055|opacitybars_85, 40056|opacitybars_90, 40057|opacitybars_95, 40058|opacitybars_100)</onclick>
					<label2>$VAR[OpacityBarsSettingLabel2Var]</label2>
				</control>	
					<control type="button" id="527">
					<label>$LOCALIZE[40033]</label>
					<label2>$VAR[Label_SkinSetting_BackgroundColor]</label2>
					<include>DefaultSettingButton</include>
					<onclick condition="!Skin.String(BackgroundColor)">RunScript(script.skin.helper.colorpicker,skinstring=BackgroundColor)</onclick>
					<onclick condition="Skin.String(BackgroundColor)">Skin.Reset(BackgroundColor)</onclick>
				
				</control>
	<control type="button" id="528">
					<label>$LOCALIZE[41167]</label>
					<label2>$VAR[Label_SkinSetting_SkinColor]</label2>
					<include>DefaultSettingButton</include>
					<onclick condition="!Skin.String(SkinColor)">RunScript(script.skin.helper.colorpicker,skinstring=SkinColor)</onclick>
					<onclick condition="Skin.String(SkinColor)">Skin.Reset(SkinColor)</onclick>
					<onclick condition="Skin.String(SkinColor)"><color name="SkinColor">FFFF0000</color></onclick>
				</control>
			  
									 
									  
											
																																									  
																																											
																														 
															 
			  
										  
									
											
																	  
																	  
<!-- </control>	 -->
										 
									
											
															  
															  
			</control>
										 
									
											
																 
																 
			  
										 
									
											
																	
																	
			  
										 
								
											
																	
																	
			  
										 
								
											
																  
																  
			  
										 
									
														   
											
																 
																 
			  
										  
									
											
															   
															   
			  
										 
								
											
																   
																   
			  
			 
			<control type="image">
				<description>Dialog Header image</description>
				<left>0</left>
				<top>130</top>
				<right>0</right>
				<height>3</height>
				<texture colordiffuse="button_focus" border="2">dialogs/separator-grey.png</texture>
			</control>
			<control type="image">
				<description>Dialog Header image</description>
				<left>0</left>
				<bottom>134</bottom>
				<right>0</right>
				<height>3</height>
				<texture colordiffuse="button_focus" border="2">dialogs/separator-grey.png</texture>
			</control>
		</control>
		<control type="group">
			<depth>DepthContentPanel</depth>
			<left>0</left>
			<include>OpenClose_Left</include>
			<include content="ContentPanel">
				<param name="width" value="530" />
			</include>
			<control type="list" id="9000">
				<description>button area</description>
				<left>0</left>
				<top>130</top>
				<width>470</width>
				<height>700</height>
				<onleft>10000</onleft>
				<onright>10000</onright>
				<onup>9000</onup>
				<ondown>9000</ondown>
				<itemlayout height="85" width="470">
					<control type="label">
						<textoffsetx>30</textoffsetx>
						<width>470</width>
						<height>85</height>
						<label>$INFO[ListItem.Label]</label>
						<font>font37</font>
						<aligny>center</aligny>
					</control>
				</itemlayout>
				<focusedlayout height="85" width="470">
					<control type="image">
						<width>470</width>
						<height>85</height>
						<texture colordiffuse="button_focus">lists/focus.png</texture>
						<animation effect="fade" start="100" end="50" time="40" condition="!Control.HasFocus(9000)">Conditional</animation>
					</control>
					<control type="label">
						<textoffsetx>30</textoffsetx>
						<width>470</width>
						<height>85</height>
						<font>font37</font>
						<aligny>center</aligny>
						<label>$INFO[ListItem.Label]</label>
					</control>
				</focusedlayout>
				<content>
					<item id="1">
						<label>$LOCALIZE[128]</label>
						<onclick>noop</onclick>
					</item>
					<item id="2">
						<label>$LOCALIZE[31061]</label>
						<onclick>noop</onclick>
					</item>
					<item id="3">
						<label>$LOCALIZE[31159]</label>
						<onclick>noop</onclick>
					</item>
				
					<item id="5">
						<label>$LOCALIZE[41167]</label>
						<onclick>noop</onclick>
					</item>
						<item id="7">
						<label>$LOCALIZE[40069]</label>
						<onclick>noop</onclick>
					</item>
					
				</content>
			</control>
		</control>
		<control type="group">
			<right>0</right>
			<top>133</top>
			<bottom>137</bottom>
			<width>60</width>
			<control type="scrollbar" id="60">
				<right>0</right>
				<top>0</top>
				<bottom>0</bottom>
				<width>12</width>
				<orientation>vertical</orientation>
				<texturesliderbackground />
				<animation effect="slide" end="6,0" time="300" tween="sine" easing="inout" condition="!Control.HasFocus(60)">conditional</animation>
				<onleft>610</onleft>
				<onright>610</onright>
				<animation effect="fade" start="0" end="100" time="200" delay="300">Visible</animation>
				<animation effect="fade" start="100" end="0" time="200">Hidden</animation>
				<animation effect="fade" start="0" end="100" delay="300" time="320">WindowOpen</animation>
				<animation effect="fade" start="100" end="0" time="150">WindowClose</animation>
				<hitrect x="0" y="0" w="60" h="100%" />
				<visible>Control.IsVisible(610)</visible>
			</control>
		</control>
		<include content="TopBar">
			<param name="breadcrumbs_label" value="$LOCALIZE[5] / $LOCALIZE[20077]" />
		</include>
		<include>BottomBar</include>
		<control type="textbox" id="6">
			<include>OpenClose_Right</include>
			<description>description area</description>
			<left>510</left>
			<bottom>27</bottom>
			<width>1350</width>
			<height>100</height>
			<font>font12</font>
			<align>justify</align>
			<textcolor>button_focus</textcolor>
			<label>$VAR[SkinSettingsHelpTextVar]</label>
			<autoscroll time="3000" delay="5000" repeat="5000">true</autoscroll>
		</control>
	</controls>
</window>
