<?xml version="1.0" encoding="UTF-8"?>
<includes>
	<variable name="PVRStatusImageVar">
		<value condition="ListItem.IsRecording">windows/pvr/record.png</value>
		<value condition="ListItem.HasTimer | ListItem.HasTimerSchedule">windows/pvr/timer.png</value>
		<value condition="ListItem.HasArchive">windows/pvr/archive.png</value>
		<value condition="ListItem.HasReminder">icons/pvr/timers/bell.png</value>
	</variable>
	<variable name="AutoCompletionContentVar">
		<value condition="System.AddonIsEnabled(plugin.program.autocompletion) + !System.HasHiddenInput">plugin://plugin.program.autocompletion?info=autocomplete&amp;&amp;id=$INFO[Control.GetLabel(312).index(1)]&amp;&amp;limit=9</value>
	</variable>
	<variable name="ExtraFanartVar">
		<value condition="System.HasAddon(script.artwork.helper) + [String.IsEqual(ListItem.DBTYPE,movie) | String.IsEqual(ListItem.DBTYPE,set) | String.IsEqual(ListItem.DBTYPE,musicvideo) | String.IsEqual(ListItem.DBTYPE,tvshow)] + !String.IsEmpty(ListItem.DBID)">plugin://script.artwork.helper/multiimage/listitem/?refresh=$INFO[ListItem.DBID]&amp;&amp;arttype=fanart</value>
		<value condition="System.HasAddon(script.artwork.helper) + [String.IsEqual(ListItem.DBTYPE,season) | String.IsEqual(ListItem.DBTYPE,episode)] + !String.IsEmpty(ListItem.DBID)">plugin://script.artwork.helper/multiimage/listitem/?refresh=$INFO[ListItem.DBID]&amp;&amp;arttype=tvshow.fanart</value>
		<value condition="System.HasAddon(script.artwork.helper) + String.IsEqual(ListItem.DBTYPE,artist)">plugin://script.artwork.helper/multiimage/listitem/?refresh=$INFO[ListItem.DBID]&amp;&amp;arttype=fanart</value>
		<value condition="System.HasAddon(script.artwork.helper) + [String.IsEqual(ListItem.DBTYPE,album) | String.IsEqual(ListItem.DBTYPE,song)]">plugin://script.artwork.helper/multiimage/listitem/?refresh=$INFO[ListItem.DBID]&amp;&amp;arttype=artist.fanart</value>
		<value>$INFO[ListItem.Art(fanart)]</value>
	</variable>
	<variable name="ExtraFanartHomeVar">
		<value condition="System.HasAddon(script.artwork.helper) + Window.IsVisible(DialogVideoInfo.xml) + [String.IsEqual(ListItem.DBTYPE,movie) | String.IsEqual(ListItem.DBTYPE,set) | String.IsEqual(ListItem.DBTYPE,musicvideo) |  String.IsEqual(ListItem.DBTYPE,tvshow)]">plugin://script.artwork.helper/multiimage/listitem/?refresh=$INFO[ListItem.DBID]&amp;&amp;arttype=fanart</value>
		<value condition="System.HasAddon(script.artwork.helper) + Window.IsVisible(DialogVideoInfo.xml) + [String.IsEqual(ListItem.DBTYPE,season) | String.IsEqual(ListItem.DBTYPE,episode)]">plugin://script.artwork.helper/multiimage/listitem/?refresh=$INFO[ListItem.DBID]&amp;&amp;arttype=tvshow.fanart</value>
		<value condition="System.HasAddon(script.artwork.helper) + Window.IsVisible(DialogMusicInfo.xml) + String.IsEqual(ListItem.DBTYPE,artist)">plugin://script.artwork.helper/multiimage/listitem/?refresh=$INFO[ListItem.DBID]&amp;&amp;arttype=fanart</value>
		<value condition="System.HasAddon(script.artwork.helper) + Window.IsVisible(DialogMusicInfo.xml) + [String.IsEqual(ListItem.DBTYPE,album) | String.IsEqual(ListItem.DBTYPE,song)]">plugin://script.artwork.helper/multiimage/listitem/?refresh=$INFO[ListItem.DBID]&amp;&amp;arttype=artist.fanart</value>
		<value condition="System.HasAddon(script.artwork.helper) + [String.IsEqual(Container.ListItem.DBTYPE,movie) | String.IsEqual(Container.ListItem.DBTYPE,set) | String.IsEqual(Container.ListItem.DBTYPE,musicvideo) | String.IsEqual(Container.ListItem.DBTYPE,tvshow)] + !String.IsEmpty(Container.ListItem.DBID)">plugin://script.artwork.helper/multiimage/listitem/?refresh=$INFO[Container.ListItem.DBID]&amp;&amp;containerid=&amp;&amp;arttype=fanart</value>
		<value condition="System.HasAddon(script.artwork.helper) + [String.IsEqual(Container.ListItem.DBTYPE,season) | String.IsEqual(Container.ListItem.DBTYPE,episode)] + !String.IsEmpty(Container.ListItem.DBID)">plugin://script.artwork.helper/multiimage/listitem/?refresh=$INFO[Container.ListItem.DBID]&amp;&amp;containerid=&amp;&amp;arttype=tvshow.fanart</value>
		<value condition="System.HasAddon(script.artwork.helper) + [String.IsEqual(Container.ListItem.DBTYPE,season) | String.IsEqual(Container.ListItem.DBTYPE,episode)] + String.IsEmpty(Container.ListItem.DBID)">plugin://script.artwork.helper/multiimage/listitem/?refresh=$INFO[Container.ListItem.Label]&amp;&amp;containerid=&amp;&amp;arttype=tvshow.fanart</value>
		<value condition="System.HasAddon(script.artwork.helper) + [String.IsEqual(Container.ListItem.DBTYPE,album) | String.IsEqual(Container.ListItem.DBTYPE,song)]">plugin://script.artwork.helper/multiimage/listitem/?refresh=$INFO[Container.ListItem.DBID]&amp;&amp;containerid=&amp;&amp;arttype=artist.fanart</value>
		<value condition="System.HasAddon(script.artwork.helper) + [String.IsEqual(Container.ListItem.DBTYPE,artist)]">plugin://script.artwork.helper/multiimage/listitem/?refresh=$INFO[Container.ListItem.DBID]&amp;&amp;containerid=&amp;&amp;arttype=fanart</value>
		<value>$INFO[Container.ListItem.Art(fanart)]</value>
	</variable>
		<variable name="ResolutionFlagVar">
		<value condition="ListItem.IsStereoscopic + !String.StartsWith(ListItem.FolderPath,plugin://)">flags/videoresolution/3D.png</value>
		<value condition="Window.IsVisible(Custom_1132_MoviesSetsInfo.xml) + Container(60).ListItem.IsStereoscopic">flags/videoresolution/3D.png</value>
		<value condition="String.Contains(ListItem.Filenameandpath,3D) + !String.StartsWith(ListItem.FolderPath,plugin://)">flags/videoresolution/3D.png</value>
		<value condition="Window.IsVisible(Custom_1132_MoviesSetsInfo.xml) + String.Contains(Container(60).ListItem.Filenameandpath,3D)">flags/videoresolution/3D.png</value>
		<value condition="String.Contains(ListItem.Filenameandpath,3d) + !String.StartsWith(ListItem.FolderPath,plugin://)">flags/videoresolution/3D.png</value>
		<value condition="Window.IsVisible(Custom_1132_MoviesSetsInfo.xml) + String.Contains(Container(60).ListItem.Filenameandpath,3d)">flags/videoresolution/3D.png</value>
		<value condition="Integer.IsGreater(ListItem.VideoResolution,1080)">flags/videoresolution/4K.png</value>
		<value condition="Window.IsVisible(Custom_1132_MoviesSetsInfo.xml) + Integer.IsGreater(Container(60).ListItem.VideoResolution,1080)">flags/videoresolution/4K.png</value>
		<value condition="Window.IsVisible(Custom_1132_MoviesSetsInfo.xml) + !String.IsEmpty(Container(60).ListItem.VideoResolution)">$INFO[Container(60).ListItem.VideoResolution,flags/videoresolution/,.png]</value>
		<value>$INFO[ListItem.VideoResolution,flags/videoresolution/,.png]</value>
	</variable>
	<variable name="VideoPlayerResolutionFlagVar">
		<value condition="VideoPlayer.IsStereoscopic + !String.StartsWith(Player.Filenameandpath,http) + !VideoPlayer.Content(livetv) + !Player.IsInternetStream">flags/videoresolution/3D.png</value>
		<value condition="String.Contains(VideoPlayer.Filenameandpath,3D) + !String.StartsWith(Player.Filenameandpath,http) + !VideoPlayer.Content(livetv) + !Player.IsInternetStream">flags/videoresolution/3D.png</value>
		<value condition="String.Contains(VideoPlayer.Filenameandpath,3d) + !String.StartsWith(Player.Filenameandpath,http) + !VideoPlayer.Content(livetv) + !Player.IsInternetStream">flags/videoresolution/3D.png</value>
		<value condition="Integer.IsGreater(VideoPlayer.VideoResolution,1080)">flags/videoresolution/4K.png</value>
		<value>$INFO[VideoPlayer.VideoResolution,flags/videoresolution/,.png]</value>
	</variable>
	<variable name="AudioCodecFlagVar">
		<value condition="String.Contains(ListItem.Filenameandpath,atmos)">flags/audiocodec/atmos.png</value>
		<value condition="Window.IsVisible(Custom_1132_MoviesSetsInfo.xml) + String.Contains(Container(60).ListItem.Filenameandpath,atmos)">flags/audiocodec/atmos.png</value>
		<value condition="String.Contains(ListItem.Filenameandpath,Atmos)">flags/audiocodec/atmos.png</value>
		<value condition="Window.IsVisible(Custom_1132_MoviesSetsInfo.xml) + String.Contains(Container(60).ListItem.Filenameandpath,Atmos)">flags/audiocodec/atmos.png</value>
		<value condition="String.Contains(ListItem.Filenameandpath,ATMOS)">flags/audiocodec/atmos.png</value>
		<value condition="Window.IsVisible(Custom_1132_MoviesSetsInfo.xml) + String.Contains(Container(60).ListItem.Filenameandpath,ATMOS)">flags/audiocodec/atmos.png</value>
		<value condition="String.Contains(ListItem.Filenameandpath,dts-x)">flags/audiocodec/dts-x.png</value>
		<value condition="Window.IsVisible(Custom_1132_MoviesSetsInfo.xml) + String.Contains(Container(60).ListItem.Filenameandpath,dts-x)">flags/audiocodec/dts-x.png</value>
		<value condition="String.Contains(ListItem.Filenameandpath,DTS-X)">flags/audiocodec/dts-x.png</value>
		<value condition="Window.IsVisible(Custom_1132_MoviesSetsInfo.xml) + String.Contains(Container(60).ListItem.Filenameandpath,DTS-X)">flags/audiocodec/dts-x.png</value>
		<value condition="String.Contains(ListItem.Filenameandpath,dtsx)">flags/audiocodec/dts-x.png</value>
		<value condition="Window.IsVisible(Custom_1132_MoviesSetsInfo.xml) + String.Contains(Container(60).ListItem.Filenameandpath,dtsx)">flags/audiocodec/dts-x.png</value>
		<value condition="String.Contains(ListItem.Filenameandpath,DTSX)">flags/audiocodec/dts-x.png</value>
		<value condition="Window.IsVisible(Custom_1132_MoviesSetsInfo.xml) + String.Contains(Container(60).ListItem.Filenameandpath,DTSX)">flags/audiocodec/dts-x.png</value>
		<value condition="Window.IsVisible(Custom_1132_MoviesSetsInfo.xml) + !String.IsEmpty(Container(60).ListItem.AudioCodec)">$INFO[Container(60).ListItem.AudioCodec,flags/audiocodec/,.png]</value>
		<value>$INFO[ListItem.AudioCodec,flags/audiocodec/,.png]</value>
	</variable>
	<variable name="VideoPlayerAudioCodecFlagVar">
		<value condition="String.Contains(Player.Filenameandpath,atmos)">flags/audiocodec/atmos.png</value>
		<value condition="String.Contains(Player.Filenameandpath,Atmos)">flags/audiocodec/atmos.png</value>
		<value condition="String.Contains(Player.Filenameandpath,ATMOS)">flags/audiocodec/atmos.png</value>
		<value condition="String.Contains(Player.Filenameandpath,dts-x)">flags/audiocodec/dts-x.png</value>
		<value condition="String.Contains(Player.Filenameandpath,DTS-X)">flags/audiocodec/dts-x.png</value>
		<value condition="String.Contains(Player.Filenameandpath,dtsx)">flags/audiocodec/dts-x.png</value>
		<value condition="String.Contains(Player.Filenameandpath,DTSX)">flags/audiocodec/dts-x.png</value>
		<value>$INFO[VideoPlayer.AudioCodec,flags/audiocodec/,.png]</value>
	</variable>
	<variable name="Container5083ResolutionFlagVar">
		<value condition="Container(5083).ListItem.IsStereoscopic">flags/videoresolution/3D.png</value>
		<value condition="String.Contains(Container(5083).ListItem.Filenameandpath,3D)">flags/videoresolution/3D.png</value>
		<value condition="String.Contains(Container(5083).ListItem.Filenameandpath,3d)">flags/videoresolution/3D.png</value>
		<value condition="Integer.IsGreater(Container(5083).ListItem.VideoResolution,1080)">flags/videoresolution/4K.png</value>
		<value>$INFO[Container(5083).ListItem.VideoResolution,flags/videoresolution/,.png]</value>
	</variable>
	<variable name="Container5083AudioCodecFlagVar">
		<value condition="String.Contains(Container(5083).ListItem.Filenameandpath,atmos)">flags/audiocodec/atmos.png</value>
		<value condition="String.Contains(Container(5083).ListItem.Filenameandpath,Atmos)">flags/audiocodec/atmos.png</value>
		<value condition="String.Contains(Container(5083).ListItem.Filenameandpath,ATMOS)">flags/audiocodec/atmos.png</value>
		<value condition="String.Contains(Container(5083).ListItem.Filenameandpath,dts-x)">flags/audiocodec/dts-x.png</value>
		<value condition="String.Contains(Container(5083).ListItem.Filenameandpath,DTS-X)">flags/audiocodec/dts-x.png</value>
		<value condition="String.Contains(Container(5083).ListItem.Filenameandpath,dtsx)">flags/audiocodec/dts-x.png</value>
		<value condition="String.Contains(Container(5083).ListItem.Filenameandpath,DTSX)">flags/audiocodec/dts-x.png</value>
		<value>$INFO[Container(5083).ListItem.AudioCodec,flags/audiocodec/,.png]</value>
	</variable>
	<variable name="Container5094ResolutionFlagVar">
		<value condition="Container(5094).ListItem.IsStereoscopic">flags/videoresolution/3D.png</value>
		<value condition="String.Contains(Container(5094).ListItem.Filenameandpath,3D)">flags/videoresolution/3D.png</value>
		<value condition="String.Contains(Container(5094).ListItem.Filenameandpath,3d)">flags/videoresolution/3D.png</value>
		<value condition="Integer.IsGreater(Container(5094).ListItem.VideoResolution,1080)">flags/videoresolution/4K.png</value>
		<value>$INFO[Container(5094).ListItem.VideoResolution,flags/videoresolution/,.png]</value>
	</variable>
	<variable name="Container5094AudioCodecFlagVar">
		<value condition="String.Contains(Container(5094).ListItem.Filenameandpath,atmos)">flags/audiocodec/atmos.png</value>
		<value condition="String.Contains(Container(5094).ListItem.Filenameandpath,Atmos)">flags/audiocodec/atmos.png</value>
		<value condition="String.Contains(Container(5094).ListItem.Filenameandpath,ATMOS)">flags/audiocodec/atmos.png</value>
		<value condition="String.Contains(Container(5094).ListItem.Filenameandpath,dts-x)">flags/audiocodec/dts-x.png</value>
		<value condition="String.Contains(Container(5094).ListItem.Filenameandpath,DTS-X)">flags/audiocodec/dts-x.png</value>
		<value condition="String.Contains(Container(5094).ListItem.Filenameandpath,dtsx)">flags/audiocodec/dts-x.png</value>
		<value condition="String.Contains(Container(5094).ListItem.Filenameandpath,DTSX)">flags/audiocodec/dts-x.png</value>
		<value>$INFO[Container(5094).ListItem.AudioCodec,flags/audiocodec/,.png]</value>
	</variable>
	<variable name="Container5084ResolutionFlagVar">
		<value condition="Container(5084).ListItem.IsStereoscopic">flags/videoresolution/3D.png</value>
		<value condition="String.Contains(Container(5084).ListItem.Filenameandpath,3D)">flags/videoresolution/3D.png</value>
		<value condition="String.Contains(Container(5084).ListItem.Filenameandpath,3d)">flags/videoresolution/3D.png</value>
		<value condition="Integer.IsGreater(Container(5084).ListItem.VideoResolution,1080)">flags/videoresolution/4K.png</value>
		<value>$INFO[Container(5084).ListItem.VideoResolution,flags/videoresolution/,.png]</value>
	</variable>
	<variable name="Container5084AudioCodecFlagVar">
		<value condition="String.Contains(Container(5084).ListItem.Filenameandpath,atmos)">flags/audiocodec/atmos.png</value>
		<value condition="String.Contains(Container(5084).ListItem.Filenameandpath,Atmos)">flags/audiocodec/atmos.png</value>
		<value condition="String.Contains(Container(5084).ListItem.Filenameandpath,ATMOS)">flags/audiocodec/atmos.png</value>
		<value condition="String.Contains(Container(5084).ListItem.Filenameandpath,dts-x)">flags/audiocodec/dts-x.png</value>
		<value condition="String.Contains(Container(5084).ListItem.Filenameandpath,DTS-X)">flags/audiocodec/dts-x.png</value>
		<value condition="String.Contains(Container(5084).ListItem.Filenameandpath,dtsx)">flags/audiocodec/dts-x.png</value>
		<value condition="String.Contains(Container(5084).ListItem.Filenameandpath,DTSX)">flags/audiocodec/dts-x.png</value>
		<value>$INFO[Container(5084).ListItem.AudioCodec,flags/audiocodec/,.png]</value>
	</variable>
	<variable name="ContainerResolutionFlagVar">
		<value condition="Container.ListItem.IsStereoscopic">flags/videoresolution/3D.png</value>
		<value condition="String.Contains(Container.ListItem.Filenameandpath,3D)">flags/videoresolution/3D.png</value>
		<value condition="String.Contains(Container.ListItem.Filenameandpath,3d)">flags/videoresolution/3D.png</value>
		<value condition="Integer.IsGreater(Container.ListItem.VideoResolution,1080)">flags/videoresolution/4K.png</value>
		<value>$INFO[Container.ListItem.VideoResolution,flags/videoresolution/,.png]</value>
	</variable>
	<variable name="ContainerAudioCodecFlagVar">
		<value condition="String.Contains(Container.ListItem.Filenameandpath,atmos)">flags/audiocodec/atmos.png</value>
		<value condition="String.Contains(Container.ListItem.Filenameandpath,Atmos)">flags/audiocodec/atmos.png</value>
		<value condition="String.Contains(Container.ListItem.Filenameandpath,ATMOS)">flags/audiocodec/atmos.png</value>
		<value condition="String.Contains(Container.ListItem.Filenameandpath,dts-x)">flags/audiocodec/dts-x.png</value>
		<value condition="String.Contains(Container.ListItem.Filenameandpath,DTS-X)">flags/audiocodec/dts-x.png</value>
		<value condition="String.Contains(Container.ListItem.Filenameandpath,dtsx)">flags/audiocodec/dts-x.png</value>
		<value condition="String.Contains(Container.ListItem.Filenameandpath,DTSX)">flags/audiocodec/dts-x.png</value>
		<value>$INFO[Container.ListItem.AudioCodec,flags/audiocodec/,.png]</value>
	</variable>
	
	<variable name="VideoLibraryScanLabel">
		<value condition="Library.IsScanningVideo">$LOCALIZE[13353]</value>
		<value>$LOCALIZE[653]</value>
	</variable>
	<variable name="VideoLibraryScanIcon">
		<value condition="Library.IsScanningVideo">Quit.png</value>
		<value>UpdateLibrary.png</value>
	</variable>
	<variable name="MusicLibraryScanLabel">
		<value condition="Library.IsScanningMusic">$LOCALIZE[13353]</value>
		<value>$LOCALIZE[653]</value>
																																	   
	</variable>
	<variable name="MusicLibraryScanIcon">
		<value condition="Library.IsScanningMusic">Quit.png</value>
		<value>UpdateLibrary.png</value>
																											
																					   
																								  
	</variable>
		<variable name="OpacitySettingLabel2Var">
		<value condition="Skin.HasSetting(opacity_0)">0%</value>
		<value condition="Skin.HasSetting(opacity_5)">5%</value>
		<value condition="Skin.HasSetting(opacity_10)">10%</value>
		<value condition="Skin.HasSetting(opacity_15)">15%</value>
		<value condition="Skin.HasSetting(opacity_20)">20%</value>
		<value condition="Skin.HasSetting(opacity_25)">25%</value>
		<value condition="Skin.HasSetting(opacity_30)">30%</value>
		<value condition="Skin.HasSetting(opacity_35)">35%</value>
		<value condition="Skin.HasSetting(opacity_40)">40%</value>
		<value condition="Skin.HasSetting(opacity_45)">45%</value>
		<value condition="Skin.HasSetting(opacity_50)">50%</value>
		<value condition="Skin.HasSetting(opacity_55)">55%</value>
		<value condition="Skin.HasSetting(opacity_60)">60%</value>
		<value condition="Skin.HasSetting(opacity_65)">65%</value>
		<value condition="Skin.HasSetting(opacity_70)">70%</value>
		<value condition="Skin.HasSetting(opacity_75)">75%</value>
		<value condition="Skin.HasSetting(opacity_80)">80%</value>
		<value condition="Skin.HasSetting(opacity_85)">85%</value>
		<value condition="Skin.HasSetting(opacity_90)">90%</value>
		<value condition="Skin.HasSetting(opacity_95)">95%</value>
		<value condition="Skin.HasSetting(opacity_100)">100%</value>
		<value>$LOCALIZE[15109]</value>
	</variable>
	<variable name="Background_Opacity">
		<value condition="Skin.HasSetting(opacity_0)">00FFFFFF</value>
		<value condition="Skin.HasSetting(opacity_5)">0DFFFFFF</value>
		<value condition="Skin.HasSetting(opacity_10)">1AFFFFFF</value>
		<value condition="Skin.HasSetting(opacity_15)">26FFFFFF</value>
		<value condition="Skin.HasSetting(opacity_20)">33FFFFFF</value>
		<value condition="Skin.HasSetting(opacity_25)">40FFFFFF</value>
		<value condition="Skin.HasSetting(opacity_30)">4DFFFFFF</value>
		<value condition="Skin.HasSetting(opacity_35)">59FFFFFF</value>
		<value condition="Skin.HasSetting(opacity_40)">66FFFFFF</value>
		<value condition="Skin.HasSetting(opacity_45)">73FFFFFF</value>
		<value condition="Skin.HasSetting(opacity_50)">80FFFFFF</value>
		<value condition="Skin.HasSetting(opacity_55)">8CFFFFFF</value>
		<value condition="Skin.HasSetting(opacity_60)">99FFFFFF</value>
		<value condition="Skin.HasSetting(opacity_65)">A6FFFFFF</value>
		<value condition="Skin.HasSetting(opacity_70)">B3FFFFFF</value>
		<value condition="Skin.HasSetting(opacity_75)">BFFFFFFF</value>
		<value condition="Skin.HasSetting(opacity_80)">CCFFFFFF</value>
		<value condition="Skin.HasSetting(opacity_85)">D9FFFFFF</value>
		<value condition="Skin.HasSetting(opacity_90)">E6FFFFFF</value>
		<value condition="Skin.HasSetting(opacity_95)">F2FFFFFF</value>
		<value condition="Skin.HasSetting(opacity_100)">FFFFFFFF</value>
		<value>37FFFFFF</value>
	</variable>
	<variable name="OpacityBarsSettingLabel2Var">
		<value condition="Skin.HasSetting(opacitybars_0)">0%</value>
		<value condition="Skin.HasSetting(opacitybars_5)">5%</value>
		<value condition="Skin.HasSetting(opacitybars_10)">10%</value>
		<value condition="Skin.HasSetting(opacitybars_15)">15%</value>
		<value condition="Skin.HasSetting(opacitybars_20)">20%</value>
		<value condition="Skin.HasSetting(opacitybars_25)">25%</value>
		<value condition="Skin.HasSetting(opacitybars_30)">30%</value>
		<value condition="Skin.HasSetting(opacitybars_35)">35%</value>
		<value condition="Skin.HasSetting(opacitybars_40)">40%</value>
		<value condition="Skin.HasSetting(opacitybars_45)">45%</value>
		<value condition="Skin.HasSetting(opacitybars_50)">50%</value>
		<value condition="Skin.HasSetting(opacitybars_55)">55%</value>
		<value condition="Skin.HasSetting(opacitybars_60)">60%</value>
		<value condition="Skin.HasSetting(opacitybars_65)">65%</value>
		<value condition="Skin.HasSetting(opacitybars_70)">70%</value>
		<value condition="Skin.HasSetting(opacitybars_75)">75%</value>
		<value condition="Skin.HasSetting(opacitybars_80)">80%</value>
		<value condition="Skin.HasSetting(opacitybars_85)">85%</value>
		<value condition="Skin.HasSetting(opacitybars_90)">90%</value>
		<value condition="Skin.HasSetting(opacitybars_95)">95%</value>
		<value condition="Skin.HasSetting(opacitybars_100)">100%</value>
		<value>$LOCALIZE[15109]</value>
	</variable>
	<variable name="Bars_Opacity">
		<value condition="Skin.HasSetting(opacitybars_0)">00FFFFFF</value>
		<value condition="Skin.HasSetting(opacitybars_5)">0DFFFFFF</value>
		<value condition="Skin.HasSetting(opacitybars_10)">1AFFFFFF</value>
		<value condition="Skin.HasSetting(opacitybars_15)">26FFFFFF</value>
		<value condition="Skin.HasSetting(opacitybars_20)">33FFFFFF</value>
		<value condition="Skin.HasSetting(opacitybars_25)">40FFFFFF</value>
		<value condition="Skin.HasSetting(opacitybars_30)">4DFFFFFF</value>
		<value condition="Skin.HasSetting(opacitybars_35)">59FFFFFF</value>
		<value condition="Skin.HasSetting(opacitybars_40)">66FFFFFF</value>
		<value condition="Skin.HasSetting(opacitybars_45)">73FFFFFF</value>
		<value condition="Skin.HasSetting(opacitybars_50)">80FFFFFF</value>
		<value condition="Skin.HasSetting(opacitybars_55)">8CFFFFFF</value>
		<value condition="Skin.HasSetting(opacitybars_60)">99FFFFFF</value>
		<value condition="Skin.HasSetting(opacitybars_65)">A6FFFFFF</value>
		<value condition="Skin.HasSetting(opacitybars_70)">B3FFFFFF</value>
		<value condition="Skin.HasSetting(opacitybars_75)">BFFFFFFF</value>
		<value condition="Skin.HasSetting(opacitybars_80)">CCFFFFFF</value>
		<value condition="Skin.HasSetting(opacitybars_85)">D9FFFFFF</value>
		<value condition="Skin.HasSetting(opacitybars_90)">E6FFFFFF</value>
		<value condition="Skin.HasSetting(opacitybars_95)">F2FFFFFF</value>
		<value condition="Skin.HasSetting(opacitybars_100)">FFFFFFFF</value>
		<value>CCFFFFFF</value>
	</variable>
	
	<variable name="InfoListPathVar">
		<value condition="String.IsEmpty(Container.PluginName)">$INFO[ListItem.FolderPath]</value>
		<value></value>
	</variable>
	<variable name="AddonCountLabel">
		<value condition="Integer.IsGreater(System.AddonUpdateCount,0)">$INFO[System.AddonUpdateCount]</value>
		<value>$INFO[System.AddonUpdateCount,[COLOR grey],[/COLOR]]</value>
	</variable>
	<variable name="MusicInfoTextboxVar">
		<value condition="String.IsEqual(ListItem.DbType,song)">$INFO[ListItem.Comment,[B]$LOCALIZE[569][/B][CR][COLOR=white],[/COLOR]]</value>
		<value condition="String.IsEqual(ListItem.DbType,album)">$INFO[ListItem.Property(Album_Description),[COLOR=white],[/COLOR]]</value>
		<value condition="String.IsEqual(ListItem.DbType,artist)">$INFO[ListItem.Property(Artist_Description),[COLOR=white],[/COLOR]]</value>
	</variable>
	<variable name="NowPlayingSublabelVar">
		<value condition="VideoPlayer.Content(musicvideos)">$INFO[VideoPlayer.Artist]$INFO[VideoPlayer.Album, - ]</value>
		<value condition="VideoPlayer.Content(episodes)">$INFO[VideoPlayer.TvShowTitle]</value>
		<value condition="VideoPlayer.Content(movies)">$INFO[VideoPlayer.Year]$INFO[VideoPlayer.Genre, - ]</value>
		<value condition="VideoPlayer.Content(livetv)">$INFO[VideoPlayer.ChannelName]</value>
		<value condition="Player.HasAudio">$INFO[MusicPlayer.Artist]$INFO[MusicPlayer.Album, - ]</value>
	</variable>
	<variable name="NowPlayingIconVar">
		<value condition="Player.Paused">icons/now-playing/pause.png</value>
		<value>icons/now-playing/play.png</value>
	</variable>
	<variable name="NowPlayingPosterVar">
		<value condition="!String.IsEmpty(Player.Art(poster))">$INFO[Player.Art(poster)]</value>
		<value condition="!String.IsEmpty(Player.Art(tvshow.poster))">$INFO[Player.Art(tvshow.poster)]</value>
		<value condition="String.IsEmpty(Player.Icon) + VideoPlayer.Content(livetv)">DefaultTVShows.png</value>
		<value>$INFO[Player.Icon]</value>
	</variable>
	<variable name="WidgetsAppearence1Label2Var">
		<value condition="!String.IsEmpty(Container(211).ListItem.Property(widgetAspect.1))">$INFO[Container(211).ListItem.Property(widgetAspect.1)]</value>
		<value>[COLOR fff02222]$LOCALIZE[40134][/COLOR]</value>
	</variable>
	<variable name="WidgetsAppearence2Label2Var">
		<value condition="!String.IsEmpty(Container(211).ListItem.Property(widgetAspect.2))">$INFO[Container(211).ListItem.Property(widgetAspect.2)]</value>
		<value>[COLOR fff02222]$LOCALIZE[40134][/COLOR]</value>
	</variable>
	<variable name="WidgetsAppearence3Label2Var">
		<value condition="!String.IsEmpty(Container(211).ListItem.Property(widgetAspect.3))">$INFO[Container(211).ListItem.Property(widgetAspect.3)]</value>
		<value>[COLOR fff02222]$LOCALIZE[40134][/COLOR]</value>
	</variable>
	<variable name="WidgetsAppearence4Label2Var">
		<value condition="!String.IsEmpty(Container(211).ListItem.Property(widgetAspect.4))">$INFO[Container(211).ListItem.Property(widgetAspect.4)]</value>
		<value>[COLOR fff02222]$LOCALIZE[40134][/COLOR]</value>
	</variable>
	<variable name="WidgetsAppearence5Label2Var">
		<value condition="!String.IsEmpty(Container(211).ListItem.Property(widgetAspect.5))">$INFO[Container(211).ListItem.Property(widgetAspect.5)]</value>
		<value>[COLOR fff02222]$LOCALIZE[40134][/COLOR]</value>
	</variable>
	<variable name="WidgetsAppearence6Label2Var">
		<value condition="!String.IsEmpty(Container(211).ListItem.Property(widgetAspect.6))">$INFO[Container(211).ListItem.Property(widgetAspect.6)]</value>
		<value>[COLOR fff02222]$LOCALIZE[40134][/COLOR]</value>
	</variable>
	<variable name="WidgetsAppearence7Label2Var">
		<value condition="!String.IsEmpty(Container(211).ListItem.Property(widgetAspect.7))">$INFO[Container(211).ListItem.Property(widgetAspect.7)]</value>
		<value>[COLOR fff02222]$LOCALIZE[40134][/COLOR]</value>
	</variable>
	<variable name="WidgetsAppearence8Label2Var">
		<value condition="!String.IsEmpty(Container(211).ListItem.Property(widgetAspect.8))">$INFO[Container(211).ListItem.Property(widgetAspect.8)]</value>
		<value>[COLOR fff02222]$LOCALIZE[40134][/COLOR]</value>
	</variable>
	<variable name="WidgetsAppearence9Label2Var">
		<value condition="!String.IsEmpty(Container(211).ListItem.Property(widgetAspect.9))">$INFO[Container(211).ListItem.Property(widgetAspect.9)]</value>
		<value>[COLOR fff02222]$LOCALIZE[40134][/COLOR]</value>
	</variable>
	<variable name="Widget1Label2Var">
		<value condition="!String.IsEmpty(Container(211).ListItem.Property(widgetName.1))">$INFO[Container(211).ListItem.Property(widgetName.1)]</value>
		<value>$LOCALIZE[40064]</value>
	</variable>
	<variable name="Widget2Label2Var">
		<value condition="!String.IsEmpty(Container(211).ListItem.Property(widgetName.2))">$INFO[Container(211).ListItem.Property(widgetName.2)]</value>
		<value>$LOCALIZE[40064]</value>
	</variable>
	<variable name="Widget3Label2Var">
		<value condition="!String.IsEmpty(Container(211).ListItem.Property(widgetName.3))">$INFO[Container(211).ListItem.Property(widgetName.3)]</value>
		<value>$LOCALIZE[40064]</value>
	</variable>
	<variable name="Widget4Label2Var">
		<value condition="!String.IsEmpty(Container(211).ListItem.Property(widgetName.4))">$INFO[Container(211).ListItem.Property(widgetName.4)]</value>
		<value>$LOCALIZE[40064]</value>
	</variable>
	<variable name="Widget5Label2Var">
		<value condition="!String.IsEmpty(Container(211).ListItem.Property(widgetName.5))">$INFO[Container(211).ListItem.Property(widgetName.5)]</value>
		<value>$LOCALIZE[40064]</value>
	</variable>
	<variable name="Widget6Label2Var">
		<value condition="!String.IsEmpty(Container(211).ListItem.Property(widgetName.6))">$INFO[Container(211).ListItem.Property(widgetName.6)]</value>
		<value>$LOCALIZE[40064]</value>
	</variable>
	<variable name="Widget7Label2Var">
		<value condition="!String.IsEmpty(Container(211).ListItem.Property(widgetName.7))">$INFO[Container(211).ListItem.Property(widgetName.7)]</value>
		<value>$LOCALIZE[40064]</value>
	</variable>
	<variable name="Widget8Label2Var">
		<value condition="!String.IsEmpty(Container(211).ListItem.Property(widgetName.8))">$INFO[Container(211).ListItem.Property(widgetName.8)]</value>
		<value>$LOCALIZE[40064]</value>
	</variable>
	<variable name="Widget9Label2Var">
		<value condition="!String.IsEmpty(Container(211).ListItem.Property(widgetName.9))">$INFO[Container(211).ListItem.Property(widgetName.9)]</value>
		<value>$LOCALIZE[40064]</value>
	</variable>
	<variable name="WidgetSortBy1Label2Var">
		<value condition="!String.IsEmpty(Container(211).ListItem.Property(widgetSortBy.1))">$INFO[Container(211).ListItem.Property(widgetSortBy.1)]</value>
		<value>$LOCALIZE[40064]</value>
	</variable>
	<variable name="WidgetSortBy2Label2Var">
		<value condition="!String.IsEmpty(Container(211).ListItem.Property(widgetSortBy.2))">$INFO[Container(211).ListItem.Property(widgetSortBy.2)]</value>
		<value>$LOCALIZE[40064]</value>
	</variable>
	<variable name="WidgetSortBy3Label2Var">
		<value condition="!String.IsEmpty(Container(211).ListItem.Property(widgetSortBy.3))">$INFO[Container(211).ListItem.Property(widgetSortBy.3)]</value>
		<value>$LOCALIZE[40064]</value>
	</variable>
	<variable name="WidgetSortBy4Label2Var">
		<value condition="!String.IsEmpty(Container(211).ListItem.Property(widgetSortBy.4))">$INFO[Container(211).ListItem.Property(widgetSortBy.4)]</value>
		<value>$LOCALIZE[40064]</value>
	</variable>
	<variable name="WidgetSortBy5Label2Var">
		<value condition="!String.IsEmpty(Container(211).ListItem.Property(widgetSortBy.5))">$INFO[Container(211).ListItem.Property(widgetSortBy.5)]</value>
		<value>$LOCALIZE[40064]</value>
	</variable>
	<variable name="WidgetSortBy6Label2Var">
		<value condition="!String.IsEmpty(Container(211).ListItem.Property(widgetSortBy.6))">$INFO[Container(211).ListItem.Property(widgetSortBy.6)]</value>
		<value>$LOCALIZE[40064]</value>
	</variable>
	<variable name="WidgetSortBy7Label2Var">
		<value condition="!String.IsEmpty(Container(211).ListItem.Property(widgetSortBy.7))">$INFO[Container(211).ListItem.Property(widgetSortBy.7)]</value>
		<value>$LOCALIZE[40064]</value>
	</variable>
	<variable name="WidgetSortBy8Label2Var">
		<value condition="!String.IsEmpty(Container(211).ListItem.Property(widgetSortBy.8))">$INFO[Container(211).ListItem.Property(widgetSortBy.8)]</value>
		<value>$LOCALIZE[40064]</value>
	</variable>
	<variable name="WidgetSortBy9Label2Var">
		<value condition="!String.IsEmpty(Container(211).ListItem.Property(widgetSortBy.9))">$INFO[Container(211).ListItem.Property(widgetSortBy.9)]</value>
		<value>$LOCALIZE[40064]</value>
	</variable>
	<variable name="WidgetSortDirection1Label2Var">
		<value condition="!String.IsEmpty(Container(211).ListItem.Property(widgetSortDirection.1))">$INFO[Container(211).ListItem.Property(widgetSortDirection.1)]</value>
		<value>$LOCALIZE[40064]</value>
	</variable>
	<variable name="WidgetSortDirection2Label2Var">
		<value condition="!String.IsEmpty(Container(211).ListItem.Property(widgetSortDirection.2))">$INFO[Container(211).ListItem.Property(widgetSortDirection.2)]</value>
		<value>$LOCALIZE[40064]</value>
	</variable>
	<variable name="WidgetSortDirection3Label2Var">
		<value condition="!String.IsEmpty(Container(211).ListItem.Property(widgetSortDirection.3))">$INFO[Container(211).ListItem.Property(widgetSortDirection.3)]</value>
		<value>$LOCALIZE[40064]</value>
	</variable>
	<variable name="WidgetSortDirection4Label2Var">
		<value condition="!String.IsEmpty(Container(211).ListItem.Property(widgetSortDirection.4))">$INFO[Container(211).ListItem.Property(widgetSortDirection.4)]</value>
		<value>$LOCALIZE[40064]</value>
	</variable>
	<variable name="WidgetSortDirection5Label2Var">
		<value condition="!String.IsEmpty(Container(211).ListItem.Property(widgetSortDirection.5))">$INFO[Container(211).ListItem.Property(widgetSortDirection.5)]</value>
		<value>$LOCALIZE[40064]</value>
	</variable>
	<variable name="WidgetSortDirection6Label2Var">
		<value condition="!String.IsEmpty(Container(211).ListItem.Property(widgetSortDirection.6))">$INFO[Container(211).ListItem.Property(widgetSortDirection.6)]</value>
		<value>$LOCALIZE[40064]</value>
	</variable>
	<variable name="WidgetSortDirection7Label2Var">
		<value condition="!String.IsEmpty(Container(211).ListItem.Property(widgetSortDirection.7))">$INFO[Container(211).ListItem.Property(widgetSortDirection.7)]</value>
		<value>$LOCALIZE[40064]</value>
	</variable>
	<variable name="WidgetSortDirection8Label2Var">
		<value condition="!String.IsEmpty(Container(211).ListItem.Property(widgetSortDirection.8))">$INFO[Container(211).ListItem.Property(widgetSortDirection.8)]</value>
		<value>$LOCALIZE[40064]</value>
	</variable>
	<variable name="WidgetSortDirection9Label2Var">
		<value condition="!String.IsEmpty(Container(211).ListItem.Property(widgetSortDirection.9))">$INFO[Container(211).ListItem.Property(widgetSortDirection.9)]</value>
		<value>$LOCALIZE[40064]</value>
	</variable>
	<variable name="Label_SkinSetting_Backgrounds">
		<value condition="!String.IsEmpty(Container(211).ListItem.Property(background))">$INFO[Container(211).ListItem.Property(background)]</value>
		<value>$LOCALIZE[40064]</value>
	</variable>
	<variable name="Label_SkinSetting_Widget">
		<value condition="!String.IsEmpty(Container(211).ListItem.Property(widgetName))">$INFO[Container(211).ListItem.Property(widgetName)]</value>
		<value>$LOCALIZE[40064]</value>
	</variable>
	<variable name="Label_SkinSetting_WidgetNumber">
		<value condition="!String.IsEmpty(Skin.String(widgetnumber))">$INFO[Skin.String(widgetnumber)]</value>
		<value>25</value>
	</variable>
	<variable name="Label_SkinSetting_Startup">
		<value condition="!String.IsEmpty(Skin.String(SplashScreen))">$INFO[Skin.String(SplashScreen)]</value>
		<value condition="String.IsEmpty(Skin.String(SplashScreen))">$LOCALIZE[15109]</value>
	</variable>
	<variable name="Label_SkinSetting_MovieGenreFanart">
		<value condition="!String.IsEmpty(Skin.String(MovieGenreFanart.name))">$INFO[Skin.String(MovieGenreFanart.name)]</value>
		<value>$LOCALIZE[40064]</value>
	</variable>
	<variable name="VideoLibraryScanLabel">
		<value condition="Library.IsScanningVideo">$LOCALIZE[13353]</value>
		<value>$LOCALIZE[653]</value>
	</variable>
	<variable name="VideoLibraryScanIcon">
		<value condition="Library.IsScanningVideo">Quit.png</value>
		<value>UpdateLibrary.png</value>
	</variable>
	<variable name="MusicLibraryScanLabel">
		<value condition="Library.IsScanningMusic">$LOCALIZE[13353]</value>
		<value>$LOCALIZE[653]</value>
	</variable>
	<variable name="MusicLibraryScanIcon">
		<value condition="Library.IsScanningMusic">Quit.png</value>
		<value>UpdateLibrary.png</value>
	</variable>
	<variable name="Label_SkinSetting_MovieGenreIcons">
		<value condition="!String.IsEmpty(Skin.String(moviegenreicons.name))">$INFO[Skin.String(moviegenreicons.name)]</value>
		<value>$LOCALIZE[40064]</value>
	</variable>
	<variable name="Label_SkinSetting_MovieCountryIcons">
		<value condition="!String.IsEmpty(Skin.String(moviecountryicons.name))">$INFO[Skin.String(moviecountryicons.name)]</value>
		<value>$LOCALIZE[40064]</value>
	</variable>
	<variable name="Label_SkinSetting_WeatherFanart">
		<value condition="!String.IsEmpty(Skin.String(WeatherFanart.name))">$INFO[Skin.String(WeatherFanart.name)]</value>
		<value>$LOCALIZE[40064]</value>
	</variable>
		
	<variable name="Label_SkinSetting_WeatherIcons">
		<value condition="!String.IsEmpty(Skin.String(WeatherIcons.name))">$INFO[Skin.String(WeatherIcons.name)]</value>
		<value>$LOCALIZE[15109]</value>
	</variable>
	
	<variable name="Label_SkinSetting_WeatherIcons">
		<value condition="!String.IsEmpty(Skin.String(WeatherIcons.name))">$INFO[Skin.String(WeatherIcons.name)]</value>
		<value>$LOCALIZE[15109]</value>
	</variable>
<variable name="ShiftThumbVar">
		<value condition="!String.IsEmpty(Listitem.Art(poster))">$INFO[Listitem.Art(poster)]</value>
		<value condition="ListItem.IsParentFolder">DefaultFolderBackSquare.png</value>
		<value condition="String.IsEmpty(Listitem.Thumb) + [String.IsEqual(listitem.dbtype,album) | String.IsEqual(listitem.dbtype,artist)]">DefaultAudio.png</value>
		<value condition="ListItem.IsFolder + String.IsEmpty(ListItem.Thumb)">DefaultFolderSquare.png</value>
		<value>$INFO[ListItem.Thumb]</value>
	</variable>
	<variable name="MusicInfoThumbVar">
		<value condition="!String.IsEmpty(Listitem.Art(thumb))">$INFO[Listitem.Art(thumb)]</value>
		<value condition="String.IsEqual(listitem.dbtype,artist)">DefaultArtist.png</value>
		<value condition="String.IsEqual(listitem.dbtype,album)">DefaultAlbumCover.png</value>
		<value>DefaultAudio.png</value>
	</variable>
	<variable name="InfoWallThumbVar">
		<value condition="!String.IsEqual(listitem.dbtype,musicvideo) + !String.IsEmpty(Listitem.Art(poster))">$INFO[Listitem.Art(poster)]</value>
		
		<value>$INFO[ListItem.Icon]</value>
	</variable>
	<variable name="PosterThumbVar">
		<value condition="!String.IsEmpty(Listitem.Art(poster))">$INFO[Listitem.Art(poster)]</value>
		<value condition="ListItem.IsParentFolder">DefaultFolderBackPoster.png</value>
		<value>$INFO[ListItem.Icon]</value>
	</variable>
	<variable name="IconWallThumbVar">
			<value condition="String.IsEqual(listitem.dbtype,genre) + System.AddonIsEnabled(resource.images.moviegenreicons.transparent)">$INFO[ListItem.Label,resource://resource.images.moviegenreicons.transparent/,.png]</value>
		<value condition="String.IsEqual(listitem.dbtype,studio) + System.AddonIsEnabled(resource.images.studios.white)">$INFO[ListItem.Label,resource://resource.images.studios.white/,.png]</value>
		<value condition="String.IsEqual(listitem.dbtype,country)">$INFO[ListItem.Label,resource://resource.images.moviecountryicons.flags/,.png]</value>
		<value condition="!String.IsEmpty(Listitem.Art(poster)) + ![Container.Content(musicvideos) + !Skin.HasSetting(show_musicvideoposter)]">$INFO[Listitem.Art(poster)]</value>
		<value condition="!String.isempty(ListItem.Thumb)">$INFO[ListItem.Thumb]</value>
		<value>$INFO[ListItem.Icon]</value>
	</variable>
	<variable name="landscapeVar">
		<value condition="!String.IsEmpty(ListItem.Art(landscape))">$INFO[ListItem.Art(landscape)]</value>
		<value condition="String.IsEmpty(Listitem.Art(landscape))">$INFO[ListItem.Art(fanart)]</value>
		<value condition="String.IsEmpty(Listitem.Art(landscape))">$INFO[Listitem.Art(thumb)]</value>
		<value condition="String.IsEmpty(ListItem.Art(landscape))">$INFO[ListItem.Art(poster)]</value>
		<value>$INFO[ListItem.Art(landscape)]</value>
	</variable>
	<variable name="ListLabelVar">
		<value condition="String.IsEqual(ListItem.DbType,episode) + Window.IsActive(videoplaylist)">$INFO[ListItem.TVShowtitle,,: ]$INFO[ListItem.Season,,x]$INFO[ListItem.Episode,,. ]$INFO[ListItem.Title]</value>
		<value condition="String.IsEqual(ListItem.DbType,musicvideo) + Window.IsActive(videoplaylist)">$INFO[ListItem.Artist,, - ]$INFO[ListItem.Title]</value>
		<value condition="[!String.IsEmpty(ListItem.Season) | !String.IsEmpty(ListItem.Episode) | !String.IsEmpty(ListItem.EpisodeName)] + Window.IsActive(videoplaylist)">$INFO[ListItem.Title,,: ]$VAR[SeasonEpisodeLabel]$INFO[ListItem.EpisodeName]</value>
		<value>$INFO[ListItem.Label]</value>
	</variable>
	<variable name="ListLabel2Var">
		<value condition="String.IsEmpty(Container.PluginName) + Container.Content(tvshows) + Container.SortMethod(29)">$INFO[ListItem.Property(WatchedEpisodes)]$INFO[ListItem.Property(TotalEpisodes), / ,]</value>
		<value condition="Container.SortMethod(7) | Container.SortMethod(29)">$INFO[ListItem.Year]</value>
		<value condition="!String.isempty(ListItem.Appearances)">$LOCALIZE[38026]: $INFO[ListItem.Appearances]</value>
		<value condition="Window.IsActive(musicplaylist) | Window.IsActive(videoplaylist)">$INFO[ListItem.Duration]</value>
		<value>$INFO[ListItem.Label2]</value>
	</variable>
	<variable name="PlotTextBoxVar">
		<value condition="!String.IsEmpty(ListItem.PlotOutline)">$INFO[ListItem.PlotOutline]</value>
		<value>$INFO[ListItem.Plot]</value>
	</variable>
	<variable name="ShiftLeftTextBoxVar">
		<value condition="Window.IsActive(pictures)">$INFO[ListItem.Property(description),,[CR]]$INFO[ListItem.PictureDatetime,[COLOR button_focus]$LOCALIZE[552]:  [/COLOR],[CR]]$INFO[ListItem.PictureResolution,[COLOR button_focus]$LOCALIZE[169]:  [/COLOR],[CR]]$INFO[ListItem.PictureCamMake,[COLOR button_focus]$LOCALIZE[31041]:  [/COLOR],[CR]]$INFO[ListItem.PictureCamModel,[COLOR button_focus]$LOCALIZE[21823]:  [/COLOR],[CR]]</value>
		<value condition="String.IsEqual(listitem.dbtype,artist)">$INFO[ListItem.Genre,[COLOR button_focus]$LOCALIZE[515]:  [/COLOR],[CR]]$INFO[ListItem.Property(Artist_YearsActive),[COLOR button_focus]$LOCALIZE[21898]:  [/COLOR],[CR]]$INFO[ListItem.Property(Artist_Style),[COLOR button_focus]$LOCALIZE[736]:  [/COLOR],[CR]]</value>
		<value condition="String.IsEqual(listitem.dbtype,album)">$INFO[ListItem.Year,[COLOR button_focus]$LOCALIZE[345]:  [/COLOR],[CR]]$INFO[ListItem.Genre,[COLOR button_focus]$LOCALIZE[515]:  [/COLOR],[CR]]$INFO[ListItem.Property(album_label),[COLOR button_focus]$LOCALIZE[21899]:  [/COLOR],[CR]]$INFO[ListItem.Property(album_style),[COLOR button_focus]$LOCALIZE[736]:  [/COLOR],[CR]]</value>
		<value condition="String.IsEqual(Listitem.DBType,season) | String.IsEqual(Listitem.DBType,tvshow)">$INFO[ListItem.Genre,[COLOR button_focus]$LOCALIZE[515]:  [/COLOR],[CR]]$INFO[ListItem.Premiered,[COLOR button_focus]$LOCALIZE[20416]:  [/COLOR]]</value>
		<value>$INFO[ListItem.Genre,[COLOR button_focus]$LOCALIZE[515]:  [/COLOR],[CR]]$INFO[ListItem.Director,[COLOR button_focus]$LOCALIZE[20339]:  [/COLOR],[CR]]$INFO[ListItem.Writer,[COLOR button_focus]$LOCALIZE[20417]:  [/COLOR],[CR]]$INFO[ListItem.Premiered,[COLOR button_focus]$LOCALIZE[20416]:  [/COLOR]]</value>
	</variable>
	<variable name="ShiftRightTextBoxVar">
		<value condition="Window.IsActive(pictures)">$INFO[ListItem.Size,[COLOR button_focus]$LOCALIZE[289]:  [/COLOR],[CR]]$INFO[ListItem.PictureAperture,[COLOR button_focus]$LOCALIZE[21826]:  [/COLOR],[CR]]$INFO[ListItem.PictureFocalLen,[COLOR button_focus]$LOCALIZE[21827]:  [/COLOR],[CR]]$INFO[ListItem.PictureExpTime,[COLOR button_focus]$LOCALIZE[21830]:  [/COLOR],[CR]]$INFO[ListItem.Date,[COLOR button_focus]$LOCALIZE[552]:  [/COLOR],[CR]]</value>
		<value condition="String.IsEqual(listitem.dbtype,artist)">$INFO[ListItem.Property(artist_description)]</value>
		<value condition="String.IsEqual(listitem.dbtype,album)">$INFO[ListItem.Property(album_description)]</value>
		<value condition="!String.IsEmpty(ListItem.PlotOutline)">$INFO[ListItem.PlotOutline]</value>
		<value>$INFO[ListItem.Plot]</value>
	</variable>
	<variable name="SelectLabel">
		<value condition="Control.IsVisible(3)">[COLOR=button_focus]$INFO[Container(3).NumItems][/COLOR] $LOCALIZE[31036] - [COLOR=button_focus]$INFO[Container(3).CurrentPage]/$INFO[Container(3).NumPages][/COLOR]</value>
		<value>[COLOR=button_focus]$INFO[Container(6).NumItems][/COLOR] $LOCALIZE[31036] - [COLOR=button_focus]$INFO[Container(6).CurrentPage]/$INFO[Container(6).NumPages][/COLOR]</value>
	</variable>
	<variable name="FileBrowserSelectLabel">
		<value condition="Control.IsVisible(450)">[COLOR=button_focus]$INFO[Container(450).NumItems][/COLOR] $LOCALIZE[31036] - [COLOR=button_focus]$INFO[Container(450).CurrentPage]/$INFO[Container(450).NumPages][/COLOR]</value>
		<value>[COLOR=button_focus]$INFO[Container(451).NumItems][/COLOR] $LOCALIZE[31036] - [COLOR=button_focus]$INFO[Container(451).CurrentPage]/$INFO[Container(451).NumPages][/COLOR]</value>
	</variable>
	<variable name="BannerArtVar">
		<value condition="ListItem.IsParentFolder">DefaultBackBanner.png</value>
		<value condition="!String.IsEmpty(ListItem.Art(banner))">$INFO[ListItem.Art(banner)]</value>
		<value condition="!String.isempty(ListItem.Art(fanart))">$INFO[ListItem.Art(fanart)]</value>
		<value>dialogs/dialog-bg-nobo.png</value>
	</variable>
	<variable name="FanartImageVar">
		<value condition="ListItem.IsParentFolder">special://skin/extras/home-images/movie.jpg</value>
		<value>$INFO[ListItem.Art(fanart)]</value>
	</variable>
	<variable name="ListBoxInfoVar">
		<value condition="String.IsEqual(Container.FolderPath,addons://outdated/) + !String.IsEmpty(ListItem.Addonnews)">$INFO[ListItem.Addonnews]</value>
		<value condition="Container.Content(addons)">$INFO[ListItem.AddonDescription]</value>
		<value condition="String.IsEqual(listitem.dbtype,album)">$INFO[ListItem.Property(album_description)]</value>
		<value condition="String.IsEqual(listitem.dbtype,musicvideo) | String.IsEqual(listitem.dbtype,video)">$INFO[ListItem.Genre,[COLOR button_focus]$LOCALIZE[515]: [/COLOR],[CR]]$INFO[ListItem.Plot]</value>
		<value condition="String.IsEqual(listitem.dbtype,artist)">$INFO[ListItem.Property(artist_description)]</value>
		<value condition="!String.IsEmpty(ListItem.PlotOutline)">$INFO[ListItem.PlotOutline]</value>
		<value condition="!String.IsEmpty(ListItem.Plot)">$INFO[ListItem.Plot]</value>
		<value condition="String.IsEqual(ListItem.DBType,song) + !Window.IsActive(musicplaylist)">$VAR[MusicTrackInfo,[COLOR button_focus]$LOCALIZE[554]: [/COLOR],[CR]]$INFO[ListItem.Artist,[COLOR button_focus]$LOCALIZE[557]: [/COLOR],[CR]]$INFO[listitem.Album,[COLOR button_focus]$LOCALIZE[558]: [/COLOR],[CR]]$VAR[InfoDiscVar,[COLOR button_focus]$LOCALIZE[427]: [/COLOR],[CR]]$INFO[ListItem.Year,[COLOR button_focus]$LOCALIZE[345]: [/COLOR],[CR]]$INFO[ListItem.Genre,[COLOR button_focus]$LOCALIZE[515]: [/COLOR],[CR]]$INFO[ListItem.Duration,[COLOR button_focus]$LOCALIZE[180]: [/COLOR],[CR]]$INFO[ListItem.Playcount,[COLOR button_focus]$LOCALIZE[567]: [/COLOR],[CR]]$INFO[ListItem.LastPlayed,[COLOR button_focus]$LOCALIZE[568]: [/COLOR],]</value>
		<value condition="String.IsEqual(ListItem.DBType,song) + Window.IsActive(musicplaylist)">[COLOR button_focus][B]$LOCALIZE[31037]: [/COLOR]$INFO[Container.CurrentItem,,/]$INFO[Container.NumItems][/B][CR]$VAR[MusicTrackInfo,[COLOR button_focus]$LOCALIZE[554]: [/COLOR],[CR]]$INFO[ListItem.Artist,[COLOR button_focus]$LOCALIZE[557]: [/COLOR],[CR]]$INFO[listitem.Album,[COLOR button_focus]$LOCALIZE[558]: [/COLOR],[CR]]$VAR[InfoDiscVar,[COLOR button_focus]$LOCALIZE[427]: [/COLOR],[CR]]$INFO[ListItem.Year,[COLOR button_focus]$LOCALIZE[345]: [/COLOR],[CR]]$INFO[ListItem.Genre,[COLOR button_focus]$LOCALIZE[515]: [/COLOR],[CR]]$INFO[ListItem.Duration,[COLOR button_focus]$LOCALIZE[180]: [/COLOR],[CR]]$INFO[ListItem.Playcount,[COLOR button_focus]$LOCALIZE[567]: [/COLOR]]</value>
		<value>$INFO[ListItem.Genre,[COLOR button_focus]$LOCALIZE[515]: [/COLOR],[CR]]</value>
	</variable>
	<variable name="NowPlayingInfoVar">
		<value>$INFO[MusicPlayer.Title,[COLOR button_focus]$LOCALIZE[554]: [/COLOR],[CR]]$INFO[MusicPlayer.Artist,[COLOR button_focus]$LOCALIZE[557]: [/COLOR],[CR]]$INFO[MusicPlayer.Album,[COLOR button_focus]$LOCALIZE[558]: [/COLOR],[CR]]$VAR[MultiDiscVar,[COLOR button_focus]$LOCALIZE[427]: [/COLOR],[CR]]$INFO[MusicPlayer.Year,[COLOR button_focus]$LOCALIZE[345]: [/COLOR],[CR]]$INFO[MusicPlayer.Genre,[COLOR button_focus]$LOCALIZE[515]: [/COLOR],[CR]]$INFO[MusicPlayer.Time,[COLOR button_focus]$LOCALIZE[180]: [/COLOR],/]$INFO[MusicPlayer.Duration,,[CR]]</value>
	</variable>
	<variable name="MusicTrackInfo">
		<value condition="String.IsEmpty(listitem.Title)">$INFO[listitem.TrackNumber]</value>
		<value>$INFO[listitem.TrackNumber,,.]$INFO[listitem.Title, ]</value>
	</variable>
	<variable name="InfoDiscVar">
		<value condition="Integer.IsGreater(ListItem.TotalDiscs,1)">$INFO[ListItem.DiscNumber]$INFO[ListItem.DiscTitle, - ]</value>
	</variable>
	<variable name="MultiDiscVar">
		<value condition="MusicPlayer.IsMultiDisc + Window.IsActive(visualisation)">$INFO[MusicPlayer.DiscNumber, - [$LOCALIZE[427] ,] ]$INFO[MusicPlayer.DiscTitle]</value>
		<value condition="MusicPlayer.IsMultiDisc">$INFO[MusicPlayer.DiscNumber]$INFO[MusicPlayer.DiscTitle, - ]</value>
	</variable>
		<variable name="WidgetGenreIconVar">
		<value condition="System.HasAddon(resource.images.moviegenreicons.transparent)">$INFO[ListItem.Label,resource://resource.images.moviegenreicons.transparent/,.png]</value>
		
	</variable>
	<variable name="WidgetStudioIconVar">
		<value condition="System.AddonIsEnabled(resource.images.studios.white)">$INFO[ListItem.Label,resource://resource.images.studios.white/,.png]</value>
		<value>DefaultStudios.png</value>
	</variable>
	
	<variable name="AddonsLabel2Var">
		<value condition="ListItem.Property(addon.downloading)">$INFO[ListItem.Property(addon.status)]</value>
		<value condition="!Container.SortMethod(1)">$INFO[ListItem.Label2]</value>
		<value condition="String.IsEqual(ListItem.Path,addons://all/)">$INFO[ListItem.AddonOrigin,, - ]$INFO[ListItem.AddonVersion]</value>
		<value>$INFO[ListItem.AddonCreator,, - ]$INFO[ListItem.AddonVersion]</value>
	</variable>
	<variable name="RatingSettingLabel2Var">
		<value condition="Skin.HasSetting(circle_rating)">$LOCALIZE[563]</value>
		<value condition="Skin.HasSetting(circle_userrating)">$LOCALIZE[38018]</value>
		<value>$LOCALIZE[16018]</value>
	</variable>
	<variable name="ProfileIdentificationLabel2Var">
		<value condition="Skin.HasSetting(show_profilename)">$LOCALIZE[31165]</value>
		<value condition="Skin.HasSetting(show_profileavatar)">$LOCALIZE[31166]</value>
		<value>$LOCALIZE[16018]</value>
	</variable>
	<variable name="AddonLifecycleType">
		<value condition="String.IsEqual(ListItem.AddonLifecycleType,$LOCALIZE[24170])">[COLOR button_focus]$LOCALIZE[24170][/COLOR][CR]$INFO[ListItem.AddonLifecycleDesc]</value> <!-- Deprecated -->
		<value condition="String.IsEqual(ListItem.AddonLifecycleType,$LOCALIZE[24171])">[COLOR button_focus]$LOCALIZE[24171][/COLOR][CR]$INFO[ListItem.AddonLifecycleDesc]</value> <!-- Broken -->
	</variable>
	<variable name="AddonsListIconVar">
		<value condition="[String.IsEqual(ListItem.AddonLifecycleType,$LOCALIZE[24170]) | String.IsEqual(ListItem.AddonLifecycleType,$LOCALIZE[24171])] + !ListItem.Property(addon.isenabled)">icons/addonstatus/disable.png</value>
		<value condition="ListItem.Property(addon.orphaned)">icons/addonstatus/orphan.png</value>
		<value condition="ListItem.Property(addon.downloading)">icons/addonstatus/install.png</value>
		<value condition="ListItem.Property(addon.isinstalled) + !ListItem.Property(addon.isenabled) + Window.IsActive(addonbrowser)">icons/addonstatus/disable.png</value>
		<value condition="ListItem.Property(addon.hasupdate) | ListItem.Property(addon.isupdate)">icons/addonstatus/update.png</value>
		<value condition="ListItem.Property(addon.isenabled) + String.IsEqual(ListItem.AddonLifecycleType,$LOCALIZE[24169])">icons/addonstatus/enabled-normal.png</value>
		<value condition="ListItem.Property(addon.isenabled) + String.IsEqual(ListItem.AddonLifecycleType,$LOCALIZE[24170])">icons/addonstatus/enabled-deprecated.png</value>
		<value condition="ListItem.Property(addon.isenabled) + String.IsEqual(ListItem.AddonLifecycleType,$LOCALIZE[24171])">icons/addonstatus/enabled-broken.png</value>
		<value condition="!ListItem.IsParentFolder">OverlayUnwatched.png</value>
	</variable>
	<variable name="AddonsOriginVar">
		<value condition="ListItem.Property(Addon.IsFromOfficialRepo) + ListItem.IsAutoUpdateable">icons/addonstatus/official.png</value>
		<value condition="ListItem.Property(Addon.IsFromOfficialRepo)">icons/addonstatus/official-pinned.png</value>
		<value condition="String.IsEqual(ListItem.AddonOrigin,$LOCALIZE[25014]) + ListItem.IsAutoUpdateable">icons/addonstatus/manual.png</value>
		<value condition="String.IsEqual(ListItem.AddonOrigin,$LOCALIZE[25014])">icons/addonstatus/manual-pinned.png</value>
		<value condition="ListItem.IsAutoUpdateable">icons/addonstatus/install.png</value>
		<value>icons/addonstatus/install-pinned.png</value>
	</variable>
	<variable name="ResolutionFlagVar">
		<value condition="ListItem.IsStereoscopic">flags/videoresolution/3D.png</value>
		<value>$INFO[ListItem.VideoResolution,flags/videoresolution/,.png]</value>
	</variable>
		<variable name="Label_SkinSetting_SkinColor">
		<value condition="!String.IsEmpty(Skin.String(SkinColor))">$INFO[Skin.String(SkinColor)]</value>
		<value>$LOCALIZE[15109]</value>
	</variable>
	<variable name="SkinColorVar">
		<value condition="!String.IsEmpty(Skin.String(SkinColor))">$INFO[Skin.String(SkinColor)]</value>
		<value>button_focus</value>
	</variable>
	<variable name="BackgroundColorVar">
		<value condition="!String.IsEmpty(Skin.String(BackgroundColor))">$INFO[Skin.String(BackgroundColor)]</value>
		<value>primary_background</value>
	</variable>
	<variable name="Label_SkinSetting_BackgroundColor">
		<value condition="!String.IsEmpty(Skin.String(BackgroundColor))">$INFO[Skin.String(BackgroundColor)]</value>
		<value>$LOCALIZE[15109]</value>
	</variable>
	<variable name="InfoWidgetposterVar">
		<!-- <value condition="!String.IsEmpty(Listitem.Art(season.landscape))">$INFO[Listitem.Art(poster)]</value> -->
		<value condition="String.IsEmpty(Listitem.Art(poster))">$INFO[ListItem.Icon]</value>
		<!-- <value condition="!String.IsEmpty(Listitem.Art(landscape))">$INFO[Listitem.Art(landscape)]</value> -->
		<!-- <value condition="!String.IsEmpty(Listitem.Art(fanart)) + !String.StartsWith(ListItem.FolderPath,plugin://)">$INFO[ListItem.Art(fanart)]</value> -->
		<value>$INFO[Listitem.Art(poster)]</value>
	</variable>
	<variable name="InfoWidgetThumbVar">
		<value condition="!String.IsEmpty(Listitem.Art(season.landscape))">$INFO[Listitem.Art(season.landscape)]</value>
		<value condition="!String.IsEmpty(Listitem.Art(tvshow.landscape))">$INFO[Listitem.Art(tvshow.landscape)]</value>
		<value condition="!String.IsEmpty(Listitem.Art(landscape))">$INFO[Listitem.Art(landscape)]</value>
		<value condition="!String.IsEmpty(Listitem.Art(fanart)) + !String.StartsWith(ListItem.FolderPath,plugin://)">$INFO[ListItem.Art(fanart)]</value>
		<value>$INFO[ListItem.Thumb]</value>
	</variable>
	<variable name="WidgetThumbViewVar">
		<value condition="!String.IsEmpty(Listitem.Art(season.landscape))">$INFO[Listitem.Art(season.landscape)]</value>
		<value condition="!String.IsEmpty(Listitem.Art(tvshow.landscape))">$INFO[Listitem.Art(tvshow.landscape)]</value>
		<value condition="!String.IsEmpty(Listitem.Art(landscape))">$INFO[Listitem.Art(landscape)]</value>
	</variable>
	<variable name="InfoWidgetThumbVar2">
		<value condition="Skin.HasSetting(hide_thumbforspoiler) + Integer.IsLess(ListItem.Playcount,1) + String.IsEqual(listitem.dbtype,episode)">$VAR[InfoWidgetThumbVar]</value>
		<value>$INFO[ListItem.Thumb]</value>
	</variable>
	<variable name="MusicLibraryScanIcon">
		<value condition="Library.IsScanningMusic">Quit.png</value>
		<value>UpdateLibrary.png</value>
	</variable>
	<variable name="PlayerInfoClearLogoVar">
		<value condition="!String.IsEmpty(Player.Art(tvshow.clearlogo))">$INFO[Player.Art(tvshow.clearlogo)]</value>
		<value condition="!String.IsEmpty(Player.Art(clearlogo))">$INFO[Player.Art(clearlogo)]</value>
		<value condition="!String.IsEmpty(Player.Art(artist.clearlogo))">$INFO[Player.Art(artist.clearlogo)]</value>
		<value>$INFO[Window(Home).Property(SkinHelper.Player.Art.Clearlogo)]</value>
	</variable>
	<variable name="PlayerInfoClearArtVar">
		<value condition="!String.IsEmpty(Player.Art(tvshow.clearart))">$INFO[Player.Art(tvshow.clearart)]</value>
		<value condition="!String.IsEmpty(Player.Art(clearart))">$INFO[Player.Art(clearart)]</value>
		<value condition="!String.IsEmpty(Player.Art(artist.clearart))">$INFO[Player.Art(artist.clearart)]</value>
		<value>$INFO[Window(Home).Property(SkinHelper.Player.Art.Clearart)]</value>
	</variable>
	<variable name="BannerPlayerArtVar">
		<value condition="!String.IsEmpty(Player.Art(banner))">$INFO[Player.Art(banner)]</value>
		<value condition="!String.IsEmpty(Player.Art(tvshow.banner))">$INFO[Player.Art(tvshow.banner)]</value>
		<value condition="!String.IsEmpty(Player.Art(artist.banner))">$INFO[Player.Art(artist.banner)]</value>
		<value>$INFO[Window(Home).Property(SkinHelper.Player.Art.Banner)]</value>
	</variable>
	<variable name="PlayerInfoDiscArtVar">
		<value condition="!String.IsEmpty(Player.Art(discart))">$INFO[Player.Art(discart)]</value>
		<value condition="!String.IsEmpty(Player.Art(album.discart))">$INFO[Player.Art(album.discart)]</value>
		<value condition="!String.IsEmpty(Window(Home).Property(SkinHelper.Player.Art.Discart))">$INFO[Window(Home).Property(SkinHelper.Player.Art.Discart)]</value>
	</variable>
	<variable name="PlayerClearArtVar">
		<value condition="!String.IsEmpty(Player.Art(tvshow.clearart))">$INFO[Player.Art(tvshow.clearart)]</value>
		<value condition="!String.IsEmpty(Player.Art(clearart))">$INFO[Player.Art(clearart)]</value>
		<value condition="!String.IsEmpty(Player.Art(tvshow.clearlogo))">$INFO[Player.Art(tvshow.clearlogo)]</value>
		<value condition="!String.IsEmpty(Player.Art(clearlogo))">$INFO[Player.Art(clearlogo)]</value>
	</variable>
	<variable name="LibraryClearLogoVar">
		<value condition="!String.IsEmpty(ListItem.Art(tvshow.clearlogo))">$INFO[ListItem.Art(tvshow.clearlogo)]</value>
		<value condition="!String.IsEmpty(ListItem.Art(clearlogo))">$INFO[ListItem.Art(clearlogo)]</value>
		<value condition="!String.IsEmpty(ListItem.Art(artist.clearlogo))">$INFO[ListItem.Art(artist.clearlogo)]</value>
		<value condition="!String.IsEmpty(Container.Art(artist.clearlogo))">$INFO[Container.Art(artist.clearlogo)]</value>
		<value condition="!String.IsEmpty(Window(Home).Property(SkinHelper.ListItem.Art.Clearlogo))">$INFO[Window(Home).Property(SkinHelper.ListItem.Art.Clearlogo)]</value>
	</variable>
	<variable name="ViewClearLogoVar">
		<value condition="!String.IsEmpty(ListItem.Art(tvshow.clearlogo))">$INFO[ListItem.Art(tvshow.clearlogo)]</value>
		<value condition="!String.IsEmpty(ListItem.Art(clearlogo))">$INFO[ListItem.Art(clearlogo)]</value>
	</variable>
	<variable name="ViewClearArtVar">
		<value condition="!String.IsEmpty(ListItem.Art(tvshow.clearart))">$INFO[ListItem.Art(tvshow.clearart)]</value>
		<value condition="!String.IsEmpty(ListItem.Art(clearart))">$INFO[ListItem.Art(clearart)]</value>
		<value condition="!String.IsEmpty(ListItem.Art(artist.clearart))">$INFO[ListItem.Art(artist.clearart)]</value>
		<value condition="!String.IsEmpty(Container.Art(artist.clearart))">$INFO[Container.Art(artist.clearart)]</value>
		<value condition="!String.IsEmpty(ListItem.Art(artist.clearlogo))">$INFO[ListItem.Art(artist.clearlogo)]</value>
		<value condition="!String.IsEmpty(Container.Art(artist.clearlogo))">$INFO[Container.Art(artist.clearlogo)]</value>
		<value condition="!String.IsEmpty(ListItem.Art(clearlogo))">$INFO[ListItem.Art(clearlogo)]</value>
		<value condition="!String.IsEmpty(Window(Home).Property(SkinHelper.ListItem.Art.Clearart))">$INFO[Window(Home).Property(SkinHelper.ListItem.Art.Clearart)]</value>
		<value condition="!String.IsEmpty(Window(Home).Property(SkinHelper.ListItem.Art.Clearlogo))">$INFO[Window(Home).Property(SkinHelper.ListItem.Art.Clearlogo)]</value>
	</variable>
	<variable name="InfoClearArtVar">
		<value condition="!String.IsEmpty(ListItem.Art(artist.clearart))">$INFO[ListItem.Art(artist.clearart)]</value>
		<value condition="!String.IsEmpty(Container.Art(artist.clearart))">$INFO[Container.Art(artist.clearart)]</value>
		<value condition="!String.IsEmpty(Window(Home).Property(SkinHelper.ListItem.Art.Clearart))">$INFO[Window(Home).Property(SkinHelper.ListItem.Art.Clearart)]</value>
	</variable>
	<variable name="HomeClearLogoVar">
		<value condition="!String.IsEmpty(Container.ListItem.Art(tvshow.clearlogo))">$INFO[Container.ListItem.Art(tvshow.clearlogo)]</value>
		<value condition="!String.IsEmpty(Container.ListItem.Art(clearlogo))">$INFO[Container.ListItem.Art(clearlogo)]</value>
		<value condition="!String.IsEmpty(Container.ListItem.Art(artist.clearlogo))">$INFO[Container.ListItem.Art(artist.clearlogo)]</value>
		<value condition="!String.IsEmpty(Window(Home).Property(SkinHelper.ListItem.Art.Clearlogo))">$INFO[Window(Home).Property(SkinHelper.ListItem.Art.Clearlogo)]</value>
	</variable>
	<variable name="RadioPlayerCover">
		<value condition="!String.IsEmpty(Window(Home).Property(SkinHelper.Player.Art.AlbumThumb))">$INFO[Window(Home).Property(SkinHelper.Player.Art.AlbumThumb)]</value>
		<value condition="!String.IsEmpty(Window(Home).Property(SkinHelper.Player.Art.Thumb))">$INFO[Window(Home).Property(SkinHelper.Player.Art.Thumb)]</value>
	</variable>
	<variable name="MusicPlayerCover">
		<value condition="[Control.HasFocus(1300) | Control.HasFocus(9003)] + !String.IsEmpty(Player.Art(album.back))">$INFO[Player.Art(album.back)]</value>
		<value condition="!String.IsEmpty(Player.Art(thumb))">$INFO[Player.Art(thumb)]</value>
		<value condition="!String.IsEmpty(Window(Home).Property(SkinHelper.Player.Art.Thumb))">$INFO[Window(Home).Property(SkinHelper.Player.Art.Thumb)]</value>
		<value>$INFO[Window(Home).Property(SkinHelper.Player.Art.AlbumThumb)]</value>
	</variable>
	<variable name="NowPlayingLandscapeVar">
		<value condition="!String.IsEmpty(Player.Art(tvshow.landscape))">$INFO[Player.Art(tvshow.landscape)]</value>
		<value condition="!String.IsEmpty(Player.Art(landscape))">$INFO[Player.Art(landscape)]</value>
		<value condition="!String.IsEmpty(Window(Home).Property(SkinHelper.Player.Art.Poster))">$INFO[Window(Home).Property(SkinHelper.Player.Art.Poster)]</value>
		<value condition="!String.IsEmpty(Window(Home).Property(SkinHelper.Player.Art.Landscape))">$INFO[Window(Home).Property(SkinHelper.Player.Art.Landscape)]</value>
		
		<value condition="String.IsEmpty(Player.Art(thumb)) + VideoPlayer.Content(livetv)">DefaultTVShows.png</value>
		<value>$INFO[Player.Art(thumb)]</value>
			</variable>
	<variable name="ContainerResolutionFlagVar">
		<value condition="Container.ListItem.IsStereoscopic">flags/videoresolution/3D.png</value>
		<value>$INFO[Container.ListItem.VideoResolution,flags/videoresolution/,.png]</value>
	</variable>
	<variable name="BannerVar">
		<value condition="!String.IsEmpty(ListItem.Art(banner))">$INFO[ListItem.Art(banner)]</value>
		<value>$INFO[ListItem.Art(tvshow.banner)]</value>
	</variable>
	<variable name="PosterVar">
		<value condition="ListItem.IsParentFolder">DefaultFolderBackPoster.png</value>
		<value condition="!String.IsEmpty(Container.Art(season.poster)) + Container.Content(episodes)">$INFO[Container.Art(season.poster)]</value>
		<value condition="!String.IsEmpty(Container.Art(tvshow.poster)) + Container.Content(episodes)">$INFO[Container.Art(tvshow.poster)]</value>
		<value condition="!String.IsEmpty(Container.Art(tvshow.poster)) + Container.Content(seasons) + Window.IsActive(movieinformation)">$INFO[Container.Art(tvshow.poster)]</value>
		<value condition="Container.Content(actors) | Container.Content(directors)">$INFO[Container.ListItem.Art(thumb)]</value>
		<value condition="!String.IsEmpty(ListItem.Art(tvshow.poster)) + !String.IsEqual(listitem.dbtype,season)">$INFO[ListItem.Art(tvshow.poster)]</value>
		<value>$INFO[ListItem.Art(poster)]</value>
	</variable>
	<variable name="InfoDialogPosterVar">
		<value condition="!String.IsEmpty(ListItem.Art(poster))">$INFO[ListItem.Art(poster)]</value>
		<value condition="!String.IsEmpty(ListItem.Art(season.poster))">$INFO[ListItem.Art(season.poster)]</value>
		<value condition="!String.IsEmpty(ListItem.Art(tvshow.poster))">$INFO[ListItem.Art(tvshow.poster)]</value>
	</variable>
	<variable name="BannerLabel2Var">
		<value condition="String.IsEqual(Listitem.DBType,tvshow)">$INFO[ListItem.Property(WatchedEpisodes)]$INFO[ListItem.Property(TotalEpisodes), / ,]</value>
		<!-- <value>$INFO[ListItem.Year]</value>
		 -->
	</variable>
	<variable name="VideoPlayerForwardRewindVar">
		<value condition="Player.Forwarding2x | Player.Rewinding2x">2x</value>
		<value condition="Player.Forwarding4x | Player.Rewinding4x">4x</value>
		<value condition="Player.Forwarding8x | Player.Rewinding8x">8x</value>
		<value condition="Player.Forwarding16x | Player.Rewinding16x">16x</value>
		<value condition="Player.Forwarding32x | Player.Rewinding32x">32x</value>
	</variable>
	<variable name="SeekLabel">
		<value condition="!String.IsEmpty(Player.SeekStepSize)">[COLOR button_focus]$LOCALIZE[773][/COLOR] $INFO[Player.SeekStepSize]</value>
		<value condition="!String.IsEmpty(Player.SeekOffset) + Player.DisplayAfterSeek">[COLOR button_focus]$LOCALIZE[773][/COLOR] $INFO[Player.SeekOffset]</value>
		<value condition="Player.Paused">$LOCALIZE[112]</value>
		<value condition="Player.Forwarding">$LOCALIZE[31039] $VAR[VideoPlayerForwardRewindVar]</value>
		<value condition="Player.Rewinding">$LOCALIZE[31038] $VAR[VideoPlayerForwardRewindVar]</value>
		<value condition="Player.IsTempo">$LOCALIZE[31142]: $INFO[Player.PlaySpeed]</value>
	</variable>
	<variable name="SeekTimeLabelVar">
		<value condition="!String.IsEmpty(Player.SeekNumeric)">[B]$INFO[Player.SeekNumeric(hh:mm:ss)][/B]</value>
		<value condition="Player.Seeking + VideoPlayer.HasEPG">$INFO[PVR.EpgEventSeekTime]$INFO[PVR.EpgEventDuration, / ]</value>
		<value condition="Player.Seeking">$INFO[Player.SeekTime]$INFO[Player.Duration, / ]</value>
		<value condition="VideoPlayer.HasEpg">$INFO[PVR.EpgEventElapsedTime]$INFO[PVR.EpgEventDuration, / ]</value>
		<value>$INFO[Player.Time]$INFO[Player.Duration, / ]</value>
	</variable>
	<variable name="PVRGuideControlsHelpTextVar">
		<value condition="Control.HasFocus(600)">$LOCALIZE[19063]</value>
		<value condition="Control.HasFocus(601)">$LOCALIZE[19317]</value>
		<value condition="Control.HasFocus(602)">$LOCALIZE[19070]</value>
		<value condition="Control.HasFocus(603)">$LOCALIZE[19318]</value>
		<value condition="Control.HasFocus(604)">$LOCALIZE[19064]</value>
		<value condition="Control.HasFocus(605)">$LOCALIZE[19288]</value>
		<value condition="Control.HasFocus(70040)">$LOCALIZE[19322]</value>
		<value condition="Control.HasFocus(70041)">$LOCALIZE[19323]</value>
		<value condition="Control.HasFocus(70042)">$LOCALIZE[19324]</value>
		<value condition="Control.HasFocus(70043)">$LOCALIZE[19319]</value>
		<value condition="Control.HasFocus(70044)">$LOCALIZE[19320]</value>
		<value condition="Control.HasFocus(70045)">$LOCALIZE[19321]</value>
	</variable>
	<variable name="OSDHelpTextVar">
		<value condition="Control.HasFocus(87) + !Player.Paused">$LOCALIZE[31054]</value>
		<value condition="Control.HasFocus(87) + [Player.Paused + Window.IsVisible(videoosd)]">$LOCALIZE[31055]</value>
		<value condition="Control.HasFocus(608)+ PVR.IsRecordingPlayingChannel">$LOCALIZE[19059]</value>
		<value condition="Control.HasFocus(608)">$LOCALIZE[264]</value>
		<value condition="Control.HasFocus(70040)">$LOCALIZE[19019]</value>
		<value condition="Control.HasFocus(70041)">$LOCALIZE[19069]</value>
		<value condition="Control.HasFocus(70042)">$LOCALIZE[31065]</value>
		<value condition="Control.HasFocus(70043)">$LOCALIZE[19033]</value>
		<value condition="Control.HasFocus(70044)">$LOCALIZE[298]</value>
		<value condition="Control.HasFocus(70045)">$LOCALIZE[31106]</value>
		<value condition="Control.HasFocus(70046)">$LOCALIZE[24012]</value>
		<value condition="Control.HasFocus(70047)">$LOCALIZE[36501]</value>
		<value condition="Control.HasFocus(70048)">$LOCALIZE[5]</value>
		<value condition="Control.HasFocus(70050)">$LOCALIZE[29900]</value>
		<value condition="Control.HasFocus(70051)">$LOCALIZE[31066]</value>
		<value condition="Control.HasFocus(70052)">$LOCALIZE[31033]$INFO[MusicPlayer.UserRating, : ]</value>
		<value condition="Control.HasFocus(70053)">$LOCALIZE[486]$INFO[Playlist.Repeat, : ]</value>
		<value condition="Control.HasFocus(70054) + Playlist.IsRandom">$LOCALIZE[590]: $LOCALIZE[16041]</value>
		<value condition="Control.HasFocus(70054)">$LOCALIZE[590]: $LOCALIZE[16039]</value>
		<value condition="Control.HasFocus(70055)">$LOCALIZE[24013]</value>
	</variable>
	<variable name="SkinSettingsHelpTextVar">
		<value condition="Container(9000).HasFocus(1)">$LOCALIZE[31129]</value>
		<value condition="Container(9000).HasFocus(2)">$LOCALIZE[31130]</value>
		<value condition="Container(9000).HasFocus(3)">$LOCALIZE[31169]</value>
	</variable>
	<variable name="VolumeIconVar">
		<value condition="Player.Muted">dialogs/volume/mute.png</value>
		<value condition="Integer.IsGreater(Player.Volume,66)">dialogs/volume/volume.png</value>
		<value condition="Integer.IsGreater(Player.Volume,33)">dialogs/volume/volume2.png</value>
		<value condition="player.passthrough">dialogs/volume/volume.png</value>
		<value>dialogs/volume/volume1.png</value>
	</variable>
	<variable name="ListSubLabelVar">
		<value condition="ListItem.IsCollection"></value>
		<value>[COLOR grey]$INFO[ListItem.Year, (,)][/COLOR]</value>
	</variable>
	<variable name="VideoInfoMainLabelVar">
		<value condition="String.IsEqual(ListItem.DBType,set)">$INFO[ListItem.Title]</value>
		<value condition="!String.IsEmpty(ListItem.TVShowTitle)">$INFO[ListItem.TVShowTitle]$INFO[ListItem.Year, ([COLOR grey],[/COLOR])]</value>
		<value condition="!String.IsEmpty(ListItem.Title)">$INFO[ListItem.Title]$INFO[ListItem.Year, ([COLOR grey],[/COLOR])]</value>
		<value>$INFO[ListItem.Label]$INFO[ListItem.Year, ([COLOR grey],[/COLOR])]</value>
	</variable>
	<variable name="VideoInfoPlayButtonLabelVar">
		<value condition="String.IsEqual(ListItem.DBType,tvshow) | String.IsEqual(ListItem.DBType,season) | String.IsEqual(ListItem.DBType,set)">$LOCALIZE[1024]</value>
		<value>$LOCALIZE[208]</value>
	</variable>
	<variable name="VideoInfoSubLabelVar">
		<value condition="String.IsEqual(ListItem.DBType,episode)">$INFO[ListItem.Season]$INFO[ListItem.Episode,[COLOR grey]x[/COLOR],: ]$INFO[ListItem.Title]</value>
		<value condition="String.IsEqual(ListItem.DBType,movie)">$INFO[ListItem.Tagline,[I],[/I]]</value>
		<value>$INFO[ListItem.Genre]</value>
	</variable>
	<variable name="VideoInfoBottomLabelVar">
		<value condition="Control.HasFocus(8)">$INFO[ListItem.LastPlayed,$LOCALIZE[568]: ]</value>
		<value condition="Control.HasFocus(6)">$INFO[ListItem.FileNameAndPath]</value>
	</variable>
	<variable name="PictureInfoMainLabelVar">
		<value condition="Window.IsActive(Slideshow)">$INFO[SlideShow.Filename]</value>
		<value>$INFO[ListItem.Label]</value>
	</variable>
	<variable name="PictureInfoSubLabelVar">
		<value condition="Window.IsActive(Slideshow)">$INFO[SlideShow.EXIFtime]</value>
		<value>$INFO[ListItem.PictureDateTime]</value>
	</variable>
	<variable name="NowPlayingBreadcrumbsVar">
		<value condition="MusicPlayer.Content(livetv) + Player.HasAudio">$INFO[MusicPlayer.Artist,, - ]$INFO[MusicPlayer.Title]</value>
		<value condition="VideoPlayer.Content(livetv)">$INFO[VideoPlayer.Title]</value>
		<value condition="VideoPlayer.Content(episodes) + Window.IsActive(fullscreenvideo)">$INFO[VideoPlayer.TVShowTitle]$INFO[VideoPlayer.Year, (,)]</value>
		<value condition="!VideoPlayer.Content(episodes) + Window.IsActive(fullscreenvideo)">$INFO[VideoPlayer.Title]$INFO[VideoPlayer.Year, (,)]</value>
		<value condition="MusicPartyMode.Enabled">$LOCALIZE[589]</value>
		<value condition="!String.IsEmpty(MusicPlayer.Station)">$INFO[MusicPlayer.Station]</value>
		<value>$LOCALIZE[31000]...</value>
	</variable>
	<variable name="OSDSubLabelVar">
		<value condition="Window.IsActive(visualisation) + Integer.IsGreater(Playlist.Length(music),1) + Integer.IsGreater(Playlist.Position(music),0)">$LOCALIZE[554] $INFO[Playlist.Position] / $INFO[Playlist.Length]</value>
		<value condition="VideoPlayer.Content(musicvideos)">$VAR[NowPlayingSublabelVar,,[CR]]$INFO[player.chapter,[COLOR button_focus]$LOCALIZE[21396]: [/COLOR]]$INFO[Player.ChapterCount,/]$INFO[Player.ChapterName, - ]</value>
		<value condition="VideoPlayer.Content(episodes) + !player.chaptercount">$INFO[VideoPlayer.Season,[COLOR button_focus][CAPITALIZE]$LOCALIZE[36906][/CAPITALIZE]:[/COLOR] S]$INFO[VideoPlayer.Episode,E,: ]$INFO[VideoPlayer.Title]</value>
		<value condition="VideoPlayer.Content(episodes) + player.chaptercount">$INFO[VideoPlayer.Season,[COLOR button_focus][CAPITALIZE]$LOCALIZE[36906][/CAPITALIZE]:[/COLOR] S]$INFO[VideoPlayer.Episode,E, - ]$INFO[VideoPlayer.Title,,[CR]]$INFO[player.chapter,[COLOR button_focus]$LOCALIZE[21396]:[/COLOR] ]$INFO[Player.ChapterCount,/]$INFO[Player.ChapterName, - ]</value>
		<value condition="VideoPlayer.Content(LiveTV) | PVR.IsPlayingRecording | PVR.IsPlayingEpgTag">$INFO[VideoPlayer.ChannelNumberLabel,([COLOR button_focus],[/COLOR]) ]$INFO[VideoPlayer.ChannelName] $INFO[VideoPlayer.EpisodeName, - ]</value>
		<value condition="player.chaptercount + [!VideoPlayer.Content(episodes) + !VideoPlayer.Content(LiveTV)]">$INFO[player.chapter,[COLOR button_focus]$LOCALIZE[21396]:[/COLOR] ]$INFO[Player.ChapterCount,/]$INFO[Player.ChapterName, - ]</value>
		<value>$INFO[VideoPlayer.Genre]</value>
	</variable>
	<variable name="OSDNextLabelVar">
		<value condition="Window.IsActive(visualisation)">$INFO[MusicPlayer.offset(1).Title,[COLOR button_focus]$LOCALIZE[19031]: [/COLOR]]$INFO[MusicPlayer.offset(1).Artist, - ]$INFO[MusicPlayer.offset(1).Album, - ]$INFO[MusicPlayer.offset(1).Year, (,)]</value>
		<value condition="VideoPlayer.Content(musicvideos)">$INFO[VideoPlayer.offset(1).Title,[COLOR button_focus]$LOCALIZE[19031]: [/COLOR]]$INFO[VideoPlayer.offset(1).Artist, - ]$INFO[VideoPlayer.offset(1).Album, - ]$INFO[VideoPlayer.offset(1).Year, (,)]</value>
		<value condition="VideoPlayer.Content(livetv)">$INFO[VideoPlayer.NextStartTime,[COLOR button_focus]$LOCALIZE[19031]: [/COLOR]]$INFO[VideoPlayer.NextEndTime, - ]$INFO[VideoPlayer.NextTitle,: ]</value>
		<value condition="VideoPlayer.Content(episodes) + Window.IsActive(fullscreenvideo)">$INFO[VideoPlayer.offset(1).TVShowtitle,[COLOR button_focus]$LOCALIZE[19031]: [/COLOR]]$INFO[VideoPlayer.offset(1).Season, - S,]$INFO[VideoPlayer.offset(1).Episode,E]$INFO[VideoPlayer.offset(1).Title,  - ]</value>
		<value>$INFO[VideoPlayer.offset(1).Title,[COLOR button_focus]$LOCALIZE[19031]: [/COLOR]]$INFO[VideoPlayer.offset(1).Year, (,)]</value>
	</variable>
	<variable name="PlayerClearLogoVar">
		<value condition="!String.IsEmpty(Player.Art(tvshow.clearlogo))">$INFO[Player.Art(tvshow.clearlogo)]</value>
		<value condition="!String.IsEmpty(Player.Art(clearlogo))">$INFO[Player.Art(clearlogo)]</value>
	</variable>
	<variable name="AddonsFanartVar">
		<value condition="Skin.HasSetting(no_fanart)"></value>
		<value condition="Window.IsActive(musicinformation) | Window.IsActive(movieinformation) | Window.IsActive(addoninformation) | Window.IsActive(pvrguideinfo) | Window.IsActive(pvrrecordinginfo) | Window.IsActive(pictureinfo)">$INFO[Window(home).Property(infobackground)]</value>
		<value condition="!String.IsEmpty(Container.ListItem.Art(fanart))">$INFO[Container.ListItem.Art(fanart)]</value>
		<value condition="!String.IsEmpty(Skin.String(HomeFanart.path))">$INFO[Skin.String(HomeFanart.path)]$INFO[Container(9000).ListItem.Property(id)]$INFO[Skin.String(HomeFanart.ext)]</value>
	</variable>
		<variable name="HomeFanartVar">
		<value condition="Skin.HasSetting(EnableExtraFanart) + [String.IsEqual(Container.ListItem.DBTYPE,movie) | String.IsEqual(Container.ListItem.DBTYPE,set) | String.IsEqual(Container.ListItem.DBTYPE,musicvideo) | String.IsEqual(Container.ListItem.DBTYPE,tvshow) | String.IsEqual(Container.ListItem.DBTYPE,season) | String.IsEqual(Container.ListItem.DBTYPE,episode) | String.IsEqual(Container.ListItem.DBTYPE,artist) | String.IsEqual(Container.ListItem.DBTYPE,album) | String.IsEqual(Container.ListItem.DBTYPE,song)]">$VAR[ExtraFanartHomeVar]</value>
		<value condition="Window.IsActive(musicinformation) | Window.IsActive(movieinformation) | Window.IsActive(addoninformation) | Window.IsActive(pvrguideinfo) | Window.IsActive(pvrrecordinginfo) | Window.IsActive(pictureinfo) | Window.IsVisible(script-script.extendedinfo-DialogVideoInfo.xml) | Window.IsVisible(script-script.extendedinfo-DialogInfo.xml) | Window.IsVisible(script-script.extendedinfo-VideoList.xml)">$INFO[Window(home).Property(infobackground)]</value>
		<value condition="[Control.HasFocus(12200) | Control.HasFocus(12300) | Control.HasFocus(12400)] + !String.IsEmpty(Window(Home).Property(SkinHelper.ListItem.Art.Fanart))">$INFO[Window(Home).Property(SkinHelper.ListItem.Art.Fanart)]</value>
		<value condition="!String.IsEmpty(Container.ListItem.Art(fanart))">$INFO[Container.ListItem.Art(fanart)]</value>
		<value condition="!String.IsEmpty(Container.ListItem.Property(FanartCode))">$INFO[Skin.String(WeatherFanart.path)]$INFO[Container.ListItem.Property(FanartCode)]$INFO[Skin.String(WeatherFanart.ext)]</value>
		<value condition="Control.HasFocus(804) + !String.IsEmpty(Skin.String(power_background)) + !Skin.HasSetting(enable_power_background)">$INFO[Skin.String(power_background)]</value>
		<value condition="Control.HasFocus(804) + String.IsEmpty(Skin.String(power_background)) + !Skin.HasSetting(enable_power_background)">special://skin/extras/home-images/power.jpg</value>
		<value condition="Control.HasFocus(802) + !String.IsEmpty(Skin.String(settings_background)) + !Skin.HasSetting(enable_settings_background)">$INFO[Skin.String(settings_background)]</value>
		<value condition="Control.HasFocus(802) + String.IsEmpty(Skin.String(settings_background)) + !Skin.HasSetting(enable_settings_background)">special://skin/extras/home-images/settings.jpg</value>
		<value condition="Control.HasFocus(801) + !String.IsEmpty(Skin.String(search_background)) + !Skin.HasSetting(enable_search_background)">$INFO[Skin.String(search_background)]</value>
		<value condition="Control.HasFocus(801) + String.IsEmpty(Skin.String(search_background)) + !Skin.HasSetting(enable_search_background)">special://skin/extras/home-images/search.jpg</value>
		<value condition="!String.IsEmpty(Container(9000).ListItem.Property(background))">$INFO[Container(9000).ListItem.Property(background)]</value>
	</variable>
	<variable name="MediaFanartVar">
		<value condition="Skin.HasSetting(no_fanart)"></value>
		<value condition="Window.IsActive(musicinformation) | Window.IsActive(movieinformation) | Window.IsActive(addoninformation) | Window.IsActive(pvrguideinfo) | Window.IsActive(pvrrecordinginfo) | Window.IsActive(pictureinfo)">$INFO[Window(home).Property(infobackground)]</value>
		<value condition="Container.Content(genres) + Window.IsActive(videos)">$INFO[Skin.String(MovieGenreFanart.path)]$INFO[ListItem.Label]$INFO[Skin.String(MovieGenreFanart.ext)]</value>
		<value condition="Window.IsActive(pictures) + String.IsEmpty(ListItem.Art(fanart))">$INFO[ListItem.FolderPath]</value>
		<value condition="!String.IsEmpty(ListItem.Art(fanart))">$INFO[ListItem.Art(fanart)]</value>
		<value condition="!String.IsEmpty(Container.Art(tvshow.fanart))">$INFO[Container.Art(tvshow.fanart)]</value>
		<value condition="!String.IsEmpty(Container.Art(artist.fanart))">$INFO[Container.Art(artist.fanart)]</value>
		<value>$INFO[Container.Art(fanart)]</value>
	</variable>
	<variable name="WeatherFanartVar">
		<value condition="!String.IsEmpty(Container.ListItem.Property(FanartCode))">$INFO[Skin.String(WeatherFanart.path)]$INFO[Container.ListItem.Property(FanartCode)]$INFO[Skin.String(WeatherFanart.ext)]</value>
		<value condition="!String.IsEmpty(Window(weather).Property(current.fanartcode)) + !String.IsEmpty(Skin.String(weatherfanart.path))">$INFO[Skin.String(weatherfanart.path)]$INFO[Window(Weather).Property(Current.FanartCode)]$INFO[Skin.String(weatherfanart.ext)]</value>
	</variable>
	<variable name="ListWatchedIconVar">
		<value condition="ListItem.IsRecording">windows/pvr/record.png</value>
		<value condition="ListItem.IsPlaying">overlays/watched/OverlayPlaying-List.png</value>
		<value condition="ListItem.IsResumable">overlays/watched/resume.png</value>
		<value condition="ListItem.IsCollection">overlays/set.png</value>
		<value condition="ListItem.IsFolder + String.IsEmpty(Listitem.dbtype) + !String.IsEqual(ListItem.Overlay,OverlayWatched.png) + !ListItem.IsParentFolder">overlays/folder.png</value>
		<value condition="!String.IsEmpty(ListItem.Overlay)">$INFO[ListItem.Overlay]</value>
		<value condition="!ListItem.IsParentFolder">OverlayUnwatched.png</value>
	</variable>
	<variable name="WallWatchedIconVar">
		<value condition="ListItem.IsRecording">windows/pvr/record.png</value>
		<value condition="ListItem.IsCollection">overlays/set.png</value>
		<value condition="ListItem.IsPlaying">overlays/watched/OverlayPlaying-List.png</value>
		<value condition="ListItem.IsResumable">overlays/watched/resume.png</value>
		<value condition="ListItem.HasArchive">windows/pvr/archive.png</value>
		<value condition="Integer.IsGreater(ListItem.Playcount,0)">$INFO[ListItem.Overlay]</value>
	</variable>
	<variable name="ListPVRRecordingsIconVar">
		<value condition="ListItem.IsRecording">windows/pvr/record.png</value>
		<value condition="ListItem.IsResumable">overlays/watched/resume.png</value>
		<value condition="!String.IsEmpty(ListItem.Overlay)">$INFO[ListItem.Overlay]</value>
		<value condition="!ListItem.IsParentFolder">OverlayUnwatched.png</value>
	</variable>
	<variable name="ListPVRTimersIconVar">
		<value condition="ListItem.IsRecording">windows/pvr/record.png</value>
		<value condition="ListItem.HasReminder">icons/pvr/timers/bell.png</value>
		<value>icons/pvr/timers/recording.png</value>
  </variable>
	<!-- Breadcrumbs -->
	<variable name="BreadcrumbsVideoVar">
		<value condition="Container.Content(movies) | String.StartsWith(container.folderpath,library://video/movies/) | String.StartsWith(container.folderpath,videodb://movies)">$LOCALIZE[20342]</value>
		<value condition="Container.Content(musicvideos) | String.StartsWith(container.folderpath,library://video/musicvideos/) | String.StartsWith(container.folderpath,videodb://musicvideos)">$LOCALIZE[20389]</value>
		<value condition="Container.Content(tvshows) | String.StartsWith(container.folderpath,library://video/tvshows/) | String.StartsWith(container.folderpath,videodb://tvshows)">$LOCALIZE[20343]</value>
		<value condition="Container.Content(seasons)">$LOCALIZE[20343]</value>
		<value condition="Container.Content(episodes)">$LOCALIZE[20343]</value>
		<value>$LOCALIZE[3]</value>
	</variable>
	<variable name="BreadcrumbsPVRChannelsVar">
		<value condition="Window.IsActive(TVChannels)">$LOCALIZE[19020] / $LOCALIZE[19019] / $INFO[Control.GetLabel(29)]</value>
		<value>$LOCALIZE[19021] / $LOCALIZE[19019] / $INFO[Control.GetLabel(29)]</value>
	</variable>
	<variable name="BreadcrumbsPVRGuideVar">
		<value condition="Window.IsActive(TVGuide)">$LOCALIZE[19020] / $INFO[Control.GetLabel(29)] - $INFO[Control.GetLabel(30)]</value>
		<value>$LOCALIZE[19021] / $INFO[Control.GetLabel(29)] - $INFO[Control.GetLabel(30)]</value>
	</variable>
	<variable name="BreadcrumbsPVRRecordingsVar">
		<value condition="Window.IsActive(TVRecordings) + String.Contains(Control.GetLabel(7),*)">$LOCALIZE[19020] / $LOCALIZE[19017]$INFO[Control.GetLabel(30), / ] - $LOCALIZE[19179]</value>
		<value condition="Window.IsActive(TVRecordings) + !String.Contains(Control.GetLabel(7),*)">$LOCALIZE[19020] / $LOCALIZE[19017]$INFO[Control.GetLabel(30), / ]</value>
		<value condition="Window.IsActive(RadioRecordings) + String.Contains(Control.GetLabel(7),*)">$LOCALIZE[19021] / $LOCALIZE[19017]$INFO[Control.GetLabel(30), / ] - $LOCALIZE[19179]</value>
		<value>$LOCALIZE[19021] / $LOCALIZE[19017]$INFO[Control.GetLabel(30), / ]</value>
	</variable>
	<variable name="BreadcrumbsPVRTimersVar">
		<value condition="Window.IsActive(TVTimers)">$LOCALIZE[19020] / $LOCALIZE[19040]</value>
		<value condition="Window.IsActive(RadioTimers)">$LOCALIZE[19021] / $LOCALIZE[19040]</value>
		<value condition="Window.IsActive(TVTimerRules)">$LOCALIZE[19020] / $LOCALIZE[19138]$INFO[Control.GetLabel(29), / ]</value>
		<value>$LOCALIZE[19021] / $LOCALIZE[19138]$INFO[Control.GetLabel(29), / ]</value>
	</variable>
	<variable name="BreadcrumbsPVRSearchVar">
		<value condition="Window.IsActive(TVSearch)">$LOCALIZE[19020] / $LOCALIZE[137]</value>
		<value>$LOCALIZE[19021] / $LOCALIZE[137]</value>
	</variable>
	<variable name="BreadcrumbsPVRChannelsOSDVar">
		<value condition="PVR.IsPlayingTV">$LOCALIZE[19020] / $LOCALIZE[19019] / $INFO[VideoPlayer.ChannelGroup]</value>
		<value condition="PVR.IsPlayingRadio">$LOCALIZE[19021] / $LOCALIZE[19019] / $INFO[VideoPlayer.ChannelGroup]</value>
		<value>$LOCALIZE[19019] / $INFO[VideoPlayer.ChannelGroup]</value>
	</variable>
	<variable name="BreadcrumbsGameVar">
		<value>$LOCALIZE[15016]</value>
	</variable>
	<variable name="RepeatButtonColordiffuseVar">
		<value condition="Control.HasFocus(704)">button_focus</value>
		<value>FFFFFFFF</value>
	</variable>
	<variable name="PVRChannelMgrHeader">
		<value condition="!String.IsEmpty(Window.Property(IsRadio))">$LOCALIZE[19199] - $LOCALIZE[19024]</value>
		<value>$LOCALIZE[19199] - $LOCALIZE[19023]</value>
	</variable>
	<variable name="RDSInfoSubTitle">
		<value condition="String.IsEmpty(MusicPlayer.ChannelName)">$INFO[Player.Title]</value>
		<value>$INFO[MusicPlayer.ChannelName]$INFO[Player.Title, - ]</value>
	</variable>
	<variable name="PVRGroupMgrHeader">
		<value condition="!String.IsEmpty(Window.Property(IsRadio))">$LOCALIZE[19048] - $LOCALIZE[19174]</value>
		<value>$LOCALIZE[19048] - $LOCALIZE[19173]</value>
	</variable>
	<variable name="PVRAreaVar">
		<value condition="Control.HasFocus(100)">$LOCALIZE[19019]</value>
		<value condition="Control.HasFocus(101)">$LOCALIZE[19069]</value>
		<value condition="Control.HasFocus(102)">$LOCALIZE[19017]</value>
		<value condition="Control.HasFocus(103)">$LOCALIZE[19040]</value>
		<value condition="Control.HasFocus(104)">$LOCALIZE[19138]</value>
		<value condition="Control.HasFocus(105)">$LOCALIZE[137]</value>
	</variable>
	<variable name="PlayerControlsPlayImageVar">
		<value condition="Player.Playing">osd/fullscreen/buttons/pause.png</value>
		<value>osd/fullscreen/buttons/play.png</value>
	</variable>
	<variable name="PlayerControlsRepeatImageVar">
		<value condition="Playlist.IsRepeatOne">osd/fullscreen/buttons/repeat-one.png</value>
		<value condition="Playlist.IsRepeat">osd/fullscreen/buttons/repeat-all.png</value>
		<value>osd/fullscreen/buttons/repeat-off.png</value>
	</variable>
	<variable name="PlayerLabel1">
		<value condition="Player.HasVideo">$INFO[VideoPlayer.Title]</value>
		<value condition="Player.HasAudio">$INFO[MusicPlayer.Artist]</value>
	</variable>
	<variable name="PlayerLabel2">
		<value condition="VideoPlayer.Content(episodes)">$LOCALIZE[20373]$INFO[VideoPlayer.Season,: , / ]$LOCALIZE[20359]$INFO[VideoPlayer.Episode,: ]</value>
		<value condition="VideoPlayer.Content(movies)">$INFO[VideoPlayer.Year]</value>
		<value condition="VideoPlayer.Content(livetv)">$INFO[VideoPlayer.ChannelName]</value>
		<value condition="Player.HasAudio">[COLOR grey]$INFO[MusicPlayer.Album][/COLOR]$INFO[MusicPlayer.Year, [,] ]</value>
	</variable>
	<variable name="PlayerLabel3">
		<value condition="VideoPlayer.Content(episodes)">$INFO[VideoPlayer.TvShowTitle]</value>
		<value condition="VideoPlayer.Content(movies) | VideoPlayer.Content(livetv)">$INFO[VideoPlayer.Genre]</value>
		<value condition="Player.HasAudio">$INFO[MusicPlayer.TrackNumber,,: ][COLOR=grey]$INFO[Player.Title][/COLOR]</value>
	</variable>
	<variable name="PVRTimerIcon">
		<value condition="ListItem.IsRecording">icons/pvr/PVR-IsRecording.png</value>
		<value condition="ListItem.HasReminder">icons/pvr/timers/bell.png</value>
		<value condition="ListItem.HasTimerSchedule + ListItem.TimerHasError">icons/pvr/PVR-HasTimerScheduleError.png</value>
		<value condition="ListItem.HasTimer + ListItem.TimerHasError">icons/pvr/PVR-HasTimerError.png</value>
		<value condition="ListItem.HasTimerSchedule + ListItem.TimerHasConflict">icons/pvr/PVR-HasTimerScheduleConflict.png</value>
		<value condition="ListItem.HasTimer + ListItem.TimerHasConflict">icons/pvr/PVR-HasTimerConflict.png</value>
		<value condition="ListItem.HasRecording">icons/pvr/PVR-HasRecording.png</value>
		<value condition="ListItem.HasTimerSchedule + !ListItem.TimerIsActive">icons/pvr/PVR-HasTimerScheduleDisabled.png</value>
		<value condition="ListItem.HasTimer + !ListItem.TimerIsActive">icons/pvr/PVR-HasTimerDisabled.png</value>
		<value condition="ListItem.HasTimerSchedule">icons/pvr/PVR-HasTimerSchedule.png</value>
		<value condition="ListItem.HasTimer">icons/pvr/PVR-HasTimer.png</value>
		<value condition="ListItem.IsPlayable">icons/pvr/PVR-HasArchive.png</value>
	</variable>
	<variable name="SeasonEpisodeLabel">
		<value condition="String.IsEmpty(ListItem.EpisodeName)">$INFO[ListItem.Season,S]$INFO[ListItem.Episode,E]</value>
		<value>$INFO[ListItem.Season,S]$INFO[ListItem.Episode,E,: ]</value>
	</variable>
	<variable name="PremieredLabel">
		<value>$INFO[ListItem.Premiered,[COLOR grey]$LOCALIZE[20416]:[/COLOR] ,[CR]]</value>
	</variable>
	<variable name="FlagLabel">
		<value condition="ListItem.IsPremiere">[B][COLOR button_focus]$LOCALIZE[838][/COLOR][/B]</value>
		<value condition="ListItem.IsFinale">[B][COLOR button_focus]$LOCALIZE[849][/COLOR][/B]</value>
		<value condition="ListItem.IsLive">[B][COLOR button_focus]$LOCALIZE[839][/COLOR][/B]</value>
		<value condition="ListItem.IsNew">[B][COLOR button_focus]$LOCALIZE[842][/COLOR][/B]</value>
	</variable>
	<variable name="FlagDashLabel">
		<value condition="ListItem.IsPremiere + String.IsEmpty(ListItem.Season) + String.IsEmpty(ListItem.Episode) + String.IsEmpty(ListItem.EpisodeName)">[B][COLOR button_focus]$LOCALIZE[838][/COLOR][/B]</value>
		<value condition="ListItem.IsPremiere">[B][COLOR button_focus]$LOCALIZE[838][/COLOR][/B] - </value>
		<value condition="ListItem.IsFinale + String.IsEmpty(ListItem.Season) + String.IsEmpty(ListItem.Episode) + String.IsEmpty(ListItem.EpisodeName)">[B][COLOR button_focus]$LOCALIZE[849][/COLOR][/B]</value>
		<value condition="ListItem.IsFinale">[B][COLOR button_focus]$LOCALIZE[849][/COLOR][/B] - </value>
		<value condition="ListItem.IsLive + String.IsEmpty(ListItem.Season) + String.IsEmpty(ListItem.Episode) + String.IsEmpty(ListItem.EpisodeName)">[B][COLOR button_focus]$LOCALIZE[839][/COLOR][/B]</value>
		<value condition="ListItem.IsLive">[B][COLOR button_focus]$LOCALIZE[839][/COLOR][/B] - </value>
		<value condition="ListItem.IsNew + String.IsEmpty(ListItem.Season) + String.IsEmpty(ListItem.Episode) + String.IsEmpty(ListItem.EpisodeName)">[B][COLOR button_focus]$LOCALIZE[842][/COLOR][/B]</value>
		<value condition="ListItem.IsNew">[B][COLOR button_focus]$LOCALIZE[842][/COLOR][/B] - </value>
	</variable>
	<variable name="RecordingSizeLabel">
		<value condition="!String.IsEmpty(ListItem.Size) + !String.IsEqual(ListItem.Size,0 B)">$INFO[ListItem.Size,[COLOR grey]$LOCALIZE[22031]:[/COLOR] ,[CR]]</value>
	</variable>
	<variable name="RecordingDateSizeLabel">
		<value condition="!String.IsEmpty(ListItem.Size) + !String.IsEqual(ListItem.Size,0 B)">$INFO[ListItem.Date,[COLOR grey],[/COLOR]]$INFO[ListItem.Size, (,)[CR]]</value>
		<value>$INFO[ListItem.Date,[COLOR grey],[/COLOR][CR]]</value>
	</variable>
	<variable name="ExpirationDateTimeLabel">
		<value condition="!String.IsEmpty(ListItem.ExpirationDate)">[COLOR grey]$LOCALIZE[19299]:[/COLOR] $INFO[ListItem.ExpirationDate] $INFO[ListItem.ExpirationTime][CR]</value>
	</variable>
	<variable name="VideoHWDecoder">
		<value condition="Player.Process(videohwdecoder)">HW</value>
		<value>SW</value>
	</variable>
	<variable name="AddonNewsVar">
		<value condition="!String.IsEmpty(ListItem.AddonNews)">$LOCALIZE[31136]</value>
	</variable>
	<variable name="PVRNextProgrammeLabel">
		<value condition="!String.IsEmpty(ListItem.NextStartTime) + !String.IsEmpty(ListItem.NextTitle)">[COLOR grey]$LOCALIZE[19031]:[/COLOR] $INFO[ListItem.NextStartTime]: $INFO[ListItem.NextTitle]</value>
		<value condition="!String.IsEmpty(ListItem.NextTitle)">[COLOR grey]$LOCALIZE[19031]:[/COLOR] $INFO[ListItem.NextTitle]</value>
	</variable>
	<variable name="PVRListItemSubLabel">
		<value condition="ListItem.IsFolder">[COLOR grey]$INFO[ListItem.Timertype][/COLOR]</value>
		<value condition="$EXP[listitem_has_episode_info] + !String.IsEmpty(ListItem.EpgEventTitle) + !String.StartsWith(ListItem.EpisodeName,ListItem.EpgEventTitle)">$INFO[ListItem.EpgEventTitle] | [COLOR grey]$VAR[SeasonEpisodeLabel]$INFO[ListItem.EpisodeName][/COLOR]</value>
		<value condition="$EXP[listitem_has_episode_info]">[COLOR grey]$VAR[SeasonEpisodeLabel]$INFO[ListItem.EpisodeName][/COLOR]</value>
		<value>$INFO[ListItem.EpgEventTitle]</value>
	</variable>
	<variable name="PVRListItemSubLabelFocused">
		<value condition="ListItem.IsFolder">$INFO[ListItem.Timertype]</value>
		<value condition="$EXP[listitem_has_episode_info] + !String.IsEmpty(ListItem.EpgEventTitle) + !String.StartsWith(ListItem.EpisodeName,ListItem.EpgEventTitle)">$INFO[ListItem.EpgEventTitle] | $VAR[SeasonEpisodeLabel]$INFO[ListItem.EpisodeName]</value>
		<value condition="$EXP[listitem_has_episode_info]">$VAR[SeasonEpisodeLabel]$INFO[ListItem.EpisodeName]</value>
		<value>$INFO[ListItem.EpgEventTitle]</value>
	</variable>
	<variable name="PVRInfoPanelDateDurationLabel">
		<value condition="!String.IsEmpty(ListItem.StartDate) + !String.IsEmpty(ListItem.StartTime)">$INFO[ListItem.StartDate,[COLOR grey]$LOCALIZE[552]:[/COLOR] ,[CR]]$INFO[ListItem.StartTime,[COLOR grey]$LOCALIZE[555]:[/COLOR] ,[CR]]$INFO[ListItem.Duration,[COLOR grey]$LOCALIZE[180]:[/COLOR] ]</value>
		<value>$INFO[ListItem.Date,[COLOR grey]$LOCALIZE[552]:[/COLOR] ,[CR]]$INFO[ListItem.Duration,[COLOR grey]$LOCALIZE[180]:[/COLOR] ]</value>
	</variable>
	<variable name="BackgroundOverlayTypeVar">
		<value condition="String.IsEqual(Skin.String(background_overlay),0)">$LOCALIZE[231]</value>
		<value>$INFO[Skin.String(background_overlay),$LOCALIZE[467] ]</value>
	</variable>
	<variable name="MasterModeLabel">
		<value condition="!System.IsMaster">$LOCALIZE[20045]</value>
		<value>$LOCALIZE[20046]</value>
	</variable>
	<variable name="ChannelListEPGIconVar">
		<value condition="!String.IsEmpty(Listitem.EpgEventIcon)">$INFO[ListItem.EpgEventIcon]</value>
		<value>$INFO[ListItem.Icon]</value>
	</variable>
</includes>
