<?xml version="1.0" encoding="UTF-8"?>
<includes>
	<include name="View_506_Mosaic">
		<control type="group">
			<include>OpenClose_Right</include>
				
			<visible>Control.IsVisible(506)</visible>
				
			<include>Visible_Right</include>
			
			<left>-20</left>
			<right>0</right>
			<top>85</top>
			<animation effect="slide" end=",-10" time="0" condition="Container.Content(images) | Container.Content(movies) | Container.Content(sets) | Container.Content(tvshows) | Container.Content(seasons) | String.StartsWith(Container.FolderPath,plugin://)">Conditional</animation>
			<control type="panel" id="506">
			<top>150</top>
				<width>100%</width>
				<height>850</height>
				<oninfo condition="String.IsEqual(ListItem.DBType,set)">ActivateWindow(1132)</oninfo>
				<onup condition="!Skin.HasSetting(KioskMode)">9000</onup>
				<onright>506</onright>
				<onleft>506</onleft>
				<ondown>5199</ondown>
				<viewtype label="$LOCALIZE[40017]">icon</viewtype>
				<preloaditems>2</preloaditems>
				<pagecontrol>5199</pagecontrol>
				<orientation>horizontal</orientation>
				<scrolltime tween="cubic" easing="out">500</scrolltime>
				<visible>Container.Content(images) | Container.Content(movies) | Container.Content(sets) | Container.Content(tvshows) | Container.Content(seasons) | Container.Content(artists) | Container.Content(albums) | Container.Content(musicvideos) | String.StartsWith(Container.FolderPath,plugin://)</visible>
				
				<itemlayout width="115" height="243" condition="Container.Content(images) | String.StartsWith(Container.FolderPath,plugin://plugin.video)">
					<control type="group">
						<left>68</left>
						<top>10</top>
						<include content="InfoWallMovieLayout">
							<param name="focused" value="false"/>
						</include>
					</control>
				</itemlayout>
				
					<focusedlayout width="115" height="243"  condition="Container.Content(images) | String.StartsWith(Container.FolderPath,plugin://plugin.video)">>
					<control type="group">
						<depth>DepthContentPopout</depth>
						<left>68</left>
						<top>10</top>
						<animation type="Focus">
							<effect type="zoom" start="100" end="110" time="200" tween="sine" easing="inout" center="230,130"/>
						</animation>
						<animation type="Unfocus">
							<effect type="zoom" start="110" end="100" time="200" tween="sine" easing="inout" center="230,130"/>
						</animation>
						<include content="InfoWallMovieLayout">
							<param name="focused" value="true"/>
						</include>
					</control>
				</focusedlayout>
				<itemlayout height="300" width="300" condition="Container.Content(artists) | Container.Content(albums) | Container.Content(musicvideos) | String.StartsWith(Container.FolderPath,plugin://plugin.audio)">
					<control type="image">
						<left>8</left>
						<top>8</top>
						<width>334</width>
						<height>334</height>
						<texture colordiffuse="$VAR[BorderColorVar]">colors/white.png</texture>
						<aspectratio>stretch</aspectratio>
						<bordertexture border="21">overlays/shadow.png</bordertexture>
						<bordersize>20</bordersize>
						<visible>Skin.HasSetting(show_borders)</visible>
					</control>
					<control type="image">
						<left>10</left>
						<top>10</top>
						<width>330</width>
						<height>330</height>
						<texture fallback="DefaultAudio.png" background="true">$VAR[ShiftThumbVar]</texture>
						<bordersize>20</bordersize>
						<aspectratio>scale</aspectratio>
						<visible>Skin.HasSetting(show_borders)</visible>
					</control>
					<control type="image">
						<left>10</left>
						<top>10</top>
						<width>330</width>
						<height>330</height>
						<texture fallback="DefaultAudio.png" background="true">$VAR[ShiftThumbVar]</texture>
						<bordertexture border="21">overlays/shadow.png</bordertexture>
						<bordersize>20</bordersize>
						<aspectratio>scale</aspectratio>
						<visible>!Skin.HasSetting(show_borders)</visible>
					</control>
					<control type="image">
						<left>30</left>
						<top>30</top>
						<width>290</width>
						<height>290</height>
						<texture background="true" colordiffuse="BFFFFFFF">colors/black.png</texture>
						<aspectratio>scale</aspectratio>
						<visible>Skin.HasSetting(greyedout_watched) + Integer.IsGreater(ListItem.Playcount,0) + Container.Content(musicvideos) + !Skin.HasSetting(show_borders)</visible>
					</control>
					<control type="image">
						<left>28</left>
						<top>28</top>
						<width>294</width>
						<height>294</height>
						<texture background="true" colordiffuse="BFFFFFFF">colors/black.png</texture>
						<aspectratio>scale</aspectratio>
						<visible>Skin.HasSetting(greyedout_watched) + Integer.IsGreater(ListItem.Playcount,0) + Container.Content(musicvideos) + Skin.HasSetting(show_borders)</visible>
					</control>
				</itemlayout>
				<focusedlayout height="300" width="300" condition="Container.Content(artists) | Container.Content(albums) | Container.Content(musicvideos) | String.StartsWith(Container.FolderPath,plugin://plugin.audio)">
				<control type="group">
					<animation type="Focus" condition="!Skin.HasSetting(no_animations)" reversible="false">
            			<effect type="zoom" end="110" time="75" tween="sine" easing="out" center="auto" />
            			<effect type="zoom" end="91" time="225" tween="sine" delay="100" easing="out" center="auto" />
       				 </animation>
					<control type="image">
						<left>24</left>
						<top>24</top>
						<width>302</width>
						<height>302</height>
						<texture colordiffuse="button_focus">colors/white.png</texture>
						<bordertexture border="21">overlays/shadow.png</bordertexture>
					</control>
					<control type="image">
						<left>24</left>
						<top>24</top>
						<width>302</width>
						<height>302</height>
						<texture colordiffuse="$VAR[GradientColorVar]">colors/gradient.png</texture>
						<visible>Skin.HasSetting(EnableGradientColor)</visible>
					</control>
					<control type="group">
						<control type="image">
							<left>10</left>
							<top>10</top>
							<width>330</width>
							<height>330</height>
							<texture fallback="DefaultAudio.png" background="true">$VAR[ShiftThumbVar]</texture>
							<bordersize>20</bordersize>
							<aspectratio>scale</aspectratio>
						</control>
						<control type="group">
							<left>30</left>
							<top>275</top>
							<control type="image">
								<width>290</width>
								<height>45</height>
								<texture>dialogs/back.png</texture>
							</control>
							<control type="label">
								<left>10</left>
								<width>270</width>
								<height>45</height>
								<align>center</align>
								<aligny>center</aligny>
								<font>font12</font>
								<label>$INFO[ListItem.Label]</label>
								<scroll>true</scroll>
								<visible>!Container.Content(albums)</visible>
							</control>
							<control type="label">
								<left>10</left>
								<width>270</width>
								<height>45</height>
								<align>center</align>
								<aligny>center</aligny>
								<font>font12</font>
								<label>$INFO[ListItem.Artist,, - ]$INFO[ListItem.Label]</label>
								<scroll>true</scroll>
								<visible>Container.Content(albums)</visible>
							</control>
						</control>
					</control>
				</control>	
				</focusedlayout>
					<itemlayout width="115" height="173"  condition="Container.Content(movies) | Container.Content(sets) | Container.Content(tvshows) | Container.Content(seasons)">
					<control type="group">
						<left>68</left>
						<top>10</top>
						<include content="InfoWallMovieLayout">
							<param name="focused" value="false"/>
						</include>
					</control>
				</itemlayout>
				
				<focusedlayout width="115" height="173" condition="Container.Content(movies) | Container.Content(sets) | Container.Content(tvshows) | Container.Content(seasons)">
					<control type="group">
						<depth>DepthContentPopout</depth>
						<left>68</left>
						<top>10</top>
						<animation type="Focus">
							<effect type="zoom" start="100" end="110" time="200" tween="sine" easing="inout" center="230,130"/>
						</animation>
						<animation type="Unfocus">
							<effect type="zoom" start="110" end="100" time="200" tween="sine" easing="inout" center="230,130"/>
						</animation>
						<include content="InfoWallMovieLayout">
							<param name="focused" value="true"/>
						</include>
					</control>
				</focusedlayout>
			</control>
		</control>
	</include>
</includes>