<?xml version="1.0" encoding="UTF-8"?>
<includes>
	<include name="View_505_ThumbsInfoWall">

		
		
	<control type="group">
			<include>OpenClose_Right</include>
			<include>OpenClose_Left</include>
				<!-- <visible>Control.IsVisible(50) | Control.Isvisible(54) | [Control.IsVisible(501) + String.IsEqual(Skin.AspectRatio,21:9)]</visible> -->
				<include>Visible_Left</include>
	<include content="ContentPanel">
					<param name="width" value="600" />
				</include>
			<visible>Control.IsVisible(505)</visible>
			<control type="group">
			<control type="image">
					<left>15</left>
					<top>145</top>
					<width>500</width>
					<height>400</height>
						<texture>$INFO[ListItem.Art(fanart)]</texture>
							<aspectratio>scale</aspectratio>
					<bordersize>20</bordersize>
				</control>
				<control type="image">
					<left>15</left>
					<top>645</top>
					<width>400</width>
					<height>400</height>
						<texture>$INFO[ListItem.Art(characterart)]</texture>
							<aspectratio>scale</aspectratio>
					<bordersize>20</bordersize>
				</control>
			</control>
			<include>Visible_Right</include>
			
		
			<control type="group">
				<control type="textbox" id="15500">
						<top>600</top>
						<width>540</width>
						<bottom>70</bottom>
						<autoscroll time="3000" delay="7000" repeat="5000">!System.HasModalDialog + Skin.HasSetting(AutoScroll)</autoscroll>
						<label>$VAR[ListBoxInfoVar]</label>
						<visible>!String.IsEqual(ListItem.DbType,episode) + !String.IsEqual(ListItem.DBType,song)</visible>
					</control>
					
					<control type="textbox" id="15501">
						<top>465</top>
						<width>540</width>
						<bottom>70</bottom>
						<autoscroll time="3000" delay="7000" repeat="5000">!System.HasModalDialog + Skin.HasSetting(AutoScroll)</autoscroll>
						<label>$INFO[ListItem.Plot]</label>
						<visible>String.IsEqual(ListItem.DbType,episode)</visible>
					</control>
					<control type="textbox" id="15502">
						<top>600</top>
						<width>540</width>
						<bottom>70</bottom>
						<autoscroll time="3000" delay="3000" repeat="5000">!System.HasModalDialog + Skin.HasSetting(AutoScroll)</autoscroll>
						<label>$VAR[ListBoxInfoVar]</label>
						<visible>String.IsEqual(ListItem.DBType,song)</visible>
					</control>
				<!-- <control type="group"> -->
					<!-- <left>5</left> -->
					<!-- <top>480</top> -->
					<!-- <height>245</height> -->
					<!-- <visible>ListItem.IsCollection + String.IsEmpty(ListItem.PlotOutline) + String.IsEmpty(ListItem.Plot)</visible> -->
					<!-- <include content="InfoList"> -->
						<!-- <param name="bottom" value="0"/> -->
						<!-- <param name="sortby" value="year"/> -->
						<!-- <param name="sortorder" value="ascending"/> -->
						<!-- <param name="font" value="font13"/> -->
					<!-- </include> -->
				<!-- </control> -->
				<!-- <control type="image"> -->
					<!-- <left>15</left> -->
					<!-- <top>145</top> -->
					<!-- <width>32</width> -->
					<!-- <height>32</height> -->
					<!-- <texture>$VAR[ListWatchedIconVar]</texture> -->
				<!-- </control> -->
				<!-- <control type="textbox"> -->
					<!-- <left>45</left> -->
					<!-- <top>170</top> -->
					<!-- <height>75%</height> -->
					<!-- <right>75%</right> -->
					<!-- <autoscroll time="3000" delay="7000" repeat="5000">!System.HasActiveModalDialog + Skin.HasSetting(AutoScroll)</autoscroll> -->
					<!-- <label>$VAR[PlotTextBoxVar]</label> -->
					<!-- <shadowcolor>text_shadow</shadowcolor> -->
					<!-- <visible>![ListItem.IsCollection + String.IsEmpty(ListItem.PlotOutline) + String.IsEmpty(ListItem.Plot)]</visible> -->
				<!-- </control> -->
			</control>
			<control type="panel" id="505">
				<left>548</left>
				<top>130</top>
				<width>80%</width>
				<right>15</right>
				<height>86%</height>
				<oninfo condition="String.IsEqual(ListItem.DBType,set)">ActivateWindow(1132)</oninfo>
				<onleft condition="!Skin.HasSetting(KioskMode)">9000</onleft>
				<onright>531</onright>
				<onup condition="Integer.IsGreater(Container.NumPages,1)">505</onup>
				<onup condition="!Integer.IsGreater(Container.NumPages,1) + !Skin.HasSetting(KioskMode)">9000</onup>
				<ondown>505</ondown>
				<viewtype label="40016">icon</viewtype>
				<preloaditems>2</preloaditems>
				<pagecontrol>531</pagecontrol>
				<scrolltime tween="cubic" easing="out">500</scrolltime>
				<visible>Container.Content(sets) | Container.Content(movies) | Container.Content(tvshows) | Container.Content(seasons) | Container.Content(artists) | String.StartsWith(Container.FolderPath,plugin://)</visible>
				<animation effect="slide" end="20,0" time="0" condition="String.IsEqual(Skin.AspectRatio,21:9)">Conditional</animation>
				<itemlayout width="270" height="150">
					<control type="group">
						<!-- <top>120</top> -->
						<include>InfoWallthumbLayout</include>
					</control>
				</itemlayout>
				<focusedlayout width="290" height="170">
					<control type="group">
						<depth>DepthContentPopout</depth>
						<animation type="Focus" condition="!Skin.HasSetting(no_animations)" reversible="false">
							<effect type="zoom" end="110" time="75" tween="sine" easing="out" center="auto"/>
							<effect type="zoom" end="91" time="225" tween="sine" delay="100" easing="out" center="auto"/>
						</animation>
						<!-- <top>120</top> -->
						<include content="InfoWallthumbLayout">
							<param name="focused" value="true"/>
						</include>
					</control>
				</focusedlayout>
			</control>
		</control>
	</include>
</includes>