<?xml version="1.0" encoding="UTF-8"?>
<includes>
	<include name="View_504_ThumbsWall">
		<control type="group">
			<include>OpenClose_Right</include>
	
			<left>50</left>
			<visible>Control.IsVisible(504)</visible>
			<include>Visible_Right</include>
			<height>90%</height>
			<control type="panel" id="504">
				<left>0</left>
				<top>150</top>
				<width>98%</width>
				<height>100%</height>
				<onright>531</onright>
				<ondown>504</ondown>
				<viewtype label="40015">icon</viewtype>
				<preloaditems>2</preloaditems>
				<pagecontrol>531</pagecontrol>
				<scrolltime tween="cubic" easing="out">500</scrolltime>
				<visible>Container.Content(movies) | Container.Content(sets) | Container.Content(tvshows) | Container.Content(seasons) | Container.Content(artists) | String.StartsWith(Container.FolderPath,plugin://)</visible>
				<animation effect="slide" end="20,0" time="0" condition="String.IsEqual(Skin.AspectRatio,21:9)">Conditional</animation>
				<itemlayout width="250" height="170">
					<control type="group">
						<top>150</top>
						<include>InfoWallthumbLayout</include>
					</control>
				</itemlayout>
				<focusedlayout width="250" height="170">
					<control type="group">
						<depth>DepthContentPopout</depth>
						<animation type="Focus" condition="!Skin.HasSetting(no_animations)" reversible="false">
							<effect type="zoom" end="110" time="75" tween="sine" easing="out" center="auto"/>
							<effect type="zoom" end="91" time="225" tween="sine" delay="100" easing="out" center="auto"/>
						</animation>
						<top>150</top>
						<animation type="Focus">
							<effect type="zoom" start="100" end="110" time="200" tween="sine" easing="inout" center="230,130"/>
						</animation>
						<animation type="Unfocus">
							<effect type="zoom" start="110" end="100" time="200" tween="sine" easing="inout" center="230,130"/>
						</animation>
						<include content="InfoWallthumbLayout">
							<param name="focused" value="true"/>
						</include>
					</control>
				</focusedlayout>
			</control>
		</control>
	</include>
</includes>