<?xml version="1.0" encoding="UTF-8"?>
<includes>
	<include name="View_52_IconWall">
		<control type="group">
			<visible>Control.IsVisible(52)</visible>
			<include>OpenClose_Right</include>
			<include>Visible_Right</include>
			<control type="panel" id="52">
				<centerleft>51%</centerleft>
				<top>0</top>
				<width>92%</width>
				<height>90%</height>
				<onleft condition="!Skin.HasSetting(KioskMode)">9000</onleft>
				<onright>531</onright>
				<pagecontrol>531</pagecontrol>
				<preloaditems>2</preloaditems>
				<onup>52</onup>
				<ondown>52</ondown>
				<scrolltime tween="cubic" easing="out">500</scrolltime>
				<visible>Container.Content() | Container.Content(tags) | Container.Content(years) | Container.Content(roles) | Container.Content(sources) | Container.Content(genres) | Container.Content(countries) | Container.Content(studios) | Container.Content(playlists) | Container.Content(unknown)</visible>
				<animation effect="slide" end="74,0" time="0" condition="String.IsEqual(Skin.AspectRatio,21:9)">Conditional</animation>
				<viewtype label="31099">icon</viewtype>
				<itemlayout height="280" width="440" condition="Container.Content() | Container.Content(tags) | Container.Content(playlists) | [Container.Content(studios) + !String.IsEmpty(Skin.String(studiologos.path))] | [Container.Content(genres) + !String.IsEmpty(Skin.String(moviegenreicons.path))] | [Container.Content(countries) + !String.IsEmpty(Skin.String(moviecountryicons.path))]">
					<control type="group">
						<top>150</top>
						<control type="image">
							<width>396</width>
							<height>245</height>
							<texture>overlays/unfocused.png</texture>
							<bordertexture border="21">overlays/shadow.png</bordertexture>
							<bordersize>20</bordersize>
						</control>
						<control type="image">
							<left>100</left>
							<top>30</top>
							<width>200</width>
							<height>130</height>
							<texture>$VAR[IconWallThumbVar]</texture>
							<aspectratio>keep</aspectratio>
							<align>center</align>
							<visible>!String.StartsWith(Container.FolderPath,videodb://) + !String.StartsWith(Container.FolderPath,musicdb://) + !Container.Content(countries)</visible>
						</control>
						<control type="image">
							<left>100</left>
							<top>40</top>
							<width>200</width>
							<height>120</height>
							<texture fallback="DefaultCountry.png">$VAR[IconWallThumbVar]</texture>
							<aspectratio>keep</aspectratio>
							<align>center</align>
							<visible>Container.Content(countries)</visible>
						</control>
						<control type="image">
							<left>100</left>
							<top>30</top>
							<width>200</width>
							<height>120</height>
							<texture fallback="DefaultStudios.png">$VAR[IconWallThumbVar]</texture>
							<aspectratio>keep</aspectratio>
							<align>center</align>
							<visible>String.StartsWith(Container.FolderPath,videodb://)</visible>
							<visible>!Container.Content(countries)</visible>
						</control>
						<control type="image">
							<left>100</left>
							<top>30</top>
							<width>200</width>
							<height>110</height>
							<texture fallback="DefaultMusicGenres.png">$VAR[IconWallThumbVar]</texture>
							<aspectratio>keep</aspectratio>
							<align>center</align>
							<visible>String.StartsWith(Container.FolderPath,musicdb://)</visible>
						</control>
						<control type="textbox">
							<left>25</left>
							<top>148</top>
							<width>346</width>
							<height>74</height>
							<font>font25_narrow</font>
							<label>$INFO[ListItem.Label,[B],[/B]]</label>
							<align>center</align>
							<aligny>center</aligny>
						</control>
					</control>
				</itemlayout>
				<focusedlayout height="280" width="440" condition="Container.Content() | Container.Content(tags) | Container.Content(playlists) | [Container.Content(studios) + !String.IsEmpty(Skin.String(studiologos.path))] | [Container.Content(genres) + !String.IsEmpty(Skin.String(moviegenreicons.path))] | [Container.Content(countries) + !String.IsEmpty(Skin.String(moviecountryicons.path))]">
					<control type="group">
						<depth>DepthContentPopout</depth>
						<animation type="Focus" condition="!Skin.HasSetting(no_animations)" reversible="false">
            				<effect type="zoom" end="110" time="75" tween="sine" easing="out" center="auto" />
            				<effect type="zoom" end="91" time="225" tween="sine" delay="100" easing="out" center="auto" />
       					 </animation>
						<top>150</top>
						<control type="image">
							<width>396</width>
							<height>245</height>
							<texture colordiffuse="button_focus">overlays/focused.png</texture>
							<bordertexture border="21">overlays/shadow.png</bordertexture>
							<bordersize>20</bordersize>
						</control>
						<!-- <control type="image"> -->
							<!-- <top>-6</top> -->
							<!-- <left>-6</left> -->
							<!-- <width>408</width> -->
							<!-- <height>257</height> -->
							<!-- <texture colordiffuse="button_focus">overlays/focused.png</texture> -->
							<!-- <bordertexture border="21">overlays/shadow.png</bordertexture> -->
							<!-- <bordersize>20</bordersize> -->
						<!-- </control> -->
						
						<control type="image">
							<left>100</left>
							<top>30</top>
							<width>200</width>
							<height>130</height>
							<texture>$VAR[IconWallThumbVar]</texture>
							<aspectratio>keep</aspectratio>
							<align>center</align>
							<visible>!String.StartsWith(Container.FolderPath,videodb://) + !String.StartsWith(Container.FolderPath,musicdb://) + !Container.Content(countries)</visible>
						</control>
						<control type="image">
							<left>100</left>
							<top>40</top>
							<width>200</width>
							<height>120</height>
							<texture fallback="DefaultCountry.png">$VAR[IconWallThumbVar]</texture>
							<aspectratio>keep</aspectratio>
							<align>center</align>
							<visible>Container.Content(countries)</visible>
						</control>
						<control type="image">
							<left>100</left>
							<top>30</top>
							<width>200</width>
							<height>120</height>
							<texture fallback="DefaultStudios.png">$VAR[IconWallThumbVar]</texture>
							<aspectratio>keep</aspectratio>
							<align>center</align>
							<visible>String.StartsWith(Container.FolderPath,videodb://)</visible>
							<visible>!Container.Content(countries)</visible>
						</control>
						<control type="image">
							<left>100</left>
							<top>30</top>
							<width>200</width>
							<height>110</height>
							<texture fallback="DefaultMusicGenres.png">$VAR[IconWallThumbVar]</texture>
							<aspectratio>keep</aspectratio>
							<align>center</align>
							<visible>String.StartsWith(Container.FolderPath,musicdb://)</visible>
						</control>
						<control type="textbox">
							<left>25</left>
							<top>148</top>
							<width>346</width>
							<height>74</height>
							<font>font25_narrow</font>
							<label>$INFO[ListItem.Label,[B],[/B]]</label>
							<align>center</align>
							<aligny>center</aligny>
						</control>
					</control>
				</focusedlayout>
				<itemlayout height="248" width="338" condition="[Container.Content(genres) + String.IsEmpty(Skin.String(moviegenreicons.path))] | Container.Content(years) | Container.Content(roles) | Container.Content(sources) | [Container.Content(countries) + String.IsEmpty(Skin.String(moviecountryicons.path))] | [Container.Content(studios) + String.IsEmpty(Skin.String(studiologos.path))]">
					<control type="group">
						<animation effect="slide" end="43,0" time="0" condition="String.IsEqual(Skin.AspectRatio,21:9)">Conditional</animation>
						<top>120</top>
						<control type="image">
							<width>330</width>
							<height>220</height>
							<texture>overlays/unfocused.png</texture>
							<bordertexture border="21">overlays/shadow.png</bordertexture>
							<bordersize>20</bordersize>
							<visible>Container.Content(studios)</visible>
						</control>
						<control type="textbox">
							<left>30</left>
							<top>80</top>
							<width>270</width>
							<height>140</height>
							<label>$INFO[ListItem.Label]</label>
							<align>center</align>
							<aligny>center</aligny>
							<visible>Container.Content(studios)</visible>
						</control>
						
					<control type="image">
						<left>30</left>
							<top>20</top>
							<width>330</width>
							<height>240</height>
							<texture>overlays/unfocused.png</texture>
							<bordertexture border="21">overlays/shadow.png</bordertexture>
							<bordersize>20</bordersize>
								<visible>Container.Content(genres)</visible>
							
						</control>
						<control type="image">
						<left>40</left>
							<top>30</top>
							<width>320</width>
							<height>220</height>
						<aspectratio align="center" aligny="center">keep</aspectratio>
						<texture fallback="defaultgenre.png"  >$INFO[ListItem.Label,special://skin/extras/genres/,.png]</texture>
						<!-- <bordertexture>colors/white.png</bordertexture> -->
						<bordersize>20</bordersize>
					<visible>Container.Content(genres)</visible>
					</control>
						<control type="image">
						<left>30</left>
							<top>20</top>
							<width>210</width>
							<height>100</height>
						<aspectratio align="center" aligny="center">keep</aspectratio>
						<texture >$INFO[ListItem.Label,special://skin/extras/musicgenres/,.png]</texture>
						<bordertexture>colors/white.png</bordertexture>
						<bordersize>1</bordersize>
					
					</control>
				<control type="image">
						<left>30</left>
							<top>20</top>
							<width>210</width>
							<height>100</height>
						<aspectratio align="bottom" aligny="center">keep</aspectratio>
						<texture colordiffuse="gold" fallback="defaultstudios.png">$INFO[ListItem.Label,resource://resource.images.studios.white/,.png]</texture>
						<!-- <bordertexture>colors/white.png</bordertexture> -->
						<bordersize>1</bordersize>
						<visible>Container.Content(studios)</visible>
					</control>
						<control type="image">
						<left>30</left>
							<top>20</top>
							<width>330</width>
							<height>240</height>
							<texture>overlays/unfocused.png</texture>
							<bordertexture border="21">overlays/shadow.png</bordertexture>
							<bordersize>20</bordersize>
							
								<visible>Container.Content(years)</visible>
						</control>
						<control type="image">
						<left>40</left>
							<top>30</top>
							<width>320</width>
							<height>220</height>
						<aspectratio align="center" aligny="center">keep</aspectratio>
						<texture colordiffuse="" fallback="defaultyear.png">$INFO[ListItem.Label,special://skin/extras/years/,.jpg]</texture>
						<!-- <bordertexture>colors/white.png</bordertexture> -->
							<bordersize>20</bordersize>
					<visible>Container.Content(years)</visible>
					</control>
					<control type="textbox">
							<left>40</left>
							<top>150</top>
							<width>310</width>
							<height>100</height>
							<font>font36_title</font>
							<label>$INFO[ListItem.Label,[B],[/B]]</label>
							<align>center</align>
							<aligny>center</aligny>
							<visible>Container.Content(years)</visible>
						</control>
					
						<!-- <control type="textbox"> -->
							<!-- <left>40</left> -->
							<!-- <top>150</top> -->
							<!-- <width>310</width> -->
							<!-- <height>100</height> -->
							<!-- <font>font25_narrow</font> -->
							<!-- <label>$INFO[ListItem.Label,[B],[/B]]</label> -->
							<!-- <align>center</align> -->
							<!-- <aligny>center</aligny> -->
							<!-- <visible>Container.Content(genres)</visible> -->
						<!-- </control> -->
							<control type="image">
						<left>30</left>
							<top>20</top>
							<width>330</width>
							<height>240</height>
							<texture>overlays/unfocused.png</texture>
							<bordertexture border="21">overlays/shadow.png</bordertexture>
							<bordersize>20</bordersize>
								<visible>Container.Content(countries)</visible>
							
						</control>
						<control type="image">
						<left>40</left>
							<top>30</top>
							<width>320</width>
							<height>220</height>
						<aspectratio align="center" aligny="center">keep</aspectratio>
						<texture fallback="defaultcountry.png"  >$INFO[ListItem.Label,resource://resource.images.moviecountryicons.flags/,.png]</texture>
						<!-- <bordertexture>colors/white.png</bordertexture> -->
						<bordersize>20</bordersize>
					<visible>Container.Content(countries)</visible>
					</control>
					<control type="textbox">
							<left>40</left>
							<top>150</top>
							<width>310</width>
							<height>100</height>
							<font>font25_narrow</font>
							<label>$INFO[ListItem.Label,[B],[/B]]</label>
							<align>center</align>
							<aligny>center</aligny>
							<visible>Container.Content(countries)</visible>
						</control>
					
					</control>
				</itemlayout>
				<focusedlayout height="181" width="348" condition="[Container.Content(genres) + String.IsEmpty(Skin.String(moviegenreicons.path))] | Container.Content(years) | Container.Content(roles) | Container.Content(sources) | [Container.Content(countries) + String.IsEmpty(Skin.String(moviecountryicons.path))] | [Container.Content(studios) + String.IsEmpty(Skin.String(studiologos.path))]">
					<control type="group">
						<animation effect="slide" end="43,0" time="0" condition="String.IsEqual(Skin.AspectRatio,21:9)">Conditional</animation>
						<depth>DepthContentPopout</depth>
						<top>120</top>
						<animation type="Focus" condition="!Skin.HasSetting(no_animations)" reversible="false">
            				<effect type="zoom" end="110" time="75" tween="sine" easing="out" center="auto" />
            				<effect type="zoom" end="91" time="225" tween="sine" delay="100" easing="out" center="auto" />
       					</animation>
						<top>120</top>
						<control type="image">
							<width>330</width>
							<height>220</height>
							<texture colordiffuse="button_focus">overlays/focused.png</texture>
							<bordertexture border="21">overlays/shadow.png</bordertexture>
							<bordersize>20</bordersize>
							<visible>Container.Content(studios)</visible>
						</control>
						<!-- <control type="image"> -->
						<!-- <width>330</width> -->
							<!-- <height>220</height> -->
							<!-- <texture colordiffuse="button_focus">dialogs/focused.png</texture> -->
							<!-- <bordersize>20</bordersize> -->
							<!-- <include>Animation_FocusTextureFade</include> -->
							<!-- <visible>Container.Content(studios)</visible> -->
						<!-- </control> -->
						<control type="textbox">
							<left>30</left>
							<top>80</top>
							<width>270</width>
							<height>140</height>
							<label>$INFO[ListItem.Label]</label>
							<align>center</align>
							<aligny>center</aligny>
							<visible>Container.Content(studios)</visible>
						</control>
							<control type="image">
						<left>30</left>
							<top>20</top>
							<width>330</width>
							<height>240</height>
							<texture colordiffuse="button_focus">overlays/focused.png</texture>
							<bordertexture border="21">overlays/shadow.png</bordertexture>
							<bordersize>20</bordersize>
								<visible>Container.Content(genres)</visible>
						</control>
						<control type="image">
						<left>30</left>
							<top>20</top>
							<width>330</width>
							<height>240</height>
							<texture colordiffuse="button_focus">overlays/focused.png</texture>
							<bordersize>20</bordersize>
							<include>Animation_FocusTextureFade</include>
							<visible>Container.Content(genres)</visible>
						</control>
						<control type="image">
						<left>40</left>
							<top>30</top>
							<width>320</width>
							<height>220</height>
						<aspectratio align="center" aligny="center">keep</aspectratio>
						<texture colordiffuse="gold" fallback="defaultgenre.png" >$INFO[ListItem.Label,special://skin/extras/genres/,.png]</texture>
						<!-- <bordertexture>colors/white.png</bordertexture> -->
						<bordersize>20</bordersize>
					<visible>Container.Content(genres)</visible>
					</control>
						<!-- <control type="image"> -->
						<!-- <left>30</left> -->
							<!-- <top>20</top> -->
							<!-- <width>330</width> -->
							<!-- <height>240</height> -->
						<!-- <aspectratio align="center" aligny="center">keep</aspectratio> -->
						<!-- <texture >$INFO[ListItem.Label,special://skin/extras/genres/,.png]</texture> -->
						<!-- <bordertexture>colors/white.png</bordertexture> -->
							<!-- <bordersize>20</bordersize> -->
					<!-- <visible>Container.Content(genres)</visible> -->
					<!-- </control> -->
						<!-- <control type="image"> -->
							<!-- <left>30</left> -->
							<!-- <top>20</top> -->
							<!-- <width>330</width> -->
							<!-- <height>240</height> -->
								<!-- <aspectratio align="center" aligny="center">keep</aspectratio> -->
							<!-- <texture>special://skin/extras/genres/template1.png</texture> -->
						<!-- <visible>Container.Content(genres)</visible> -->
						<!-- <bordersize>1</bordersize> -->
						
						<!-- </control> -->
						<!-- <control type="image"> -->
							<!-- <width>330</width> -->
							<!-- <height>240</height> -->
							<!-- <texture colordiffuse="button_focus">lists/focus.png</texture> -->
							<!-- <bordertexture border="21">overlays/shadow.png</bordertexture> -->
							<!-- <bordersize>20</bordersize> -->
						<!-- </control> -->
						
						<!-- <control type="image"> -->
						<!-- <left>30</left> -->
							<!-- <top>20</top> -->
							<!-- <width>210</width> -->
							<!-- <height>100</height> -->
						<!-- <aspectratio align="bottom" aligny="center">keep</aspectratio> -->
						<!-- <texture >$INFO[ListItem.Label,special://skin/extras/musicgenres/,.png]</texture> -->
						<!-- <bordertexture>colors/white.png</bordertexture> -->
						<!-- <bordersize>1</bordersize> -->
					
					<!-- </control> -->
						<control type="image">
						<left>30</left>
							<top>20</top>
							<width>210</width>
							<height>100</height>
						<aspectratio align="bottom" aligny="center">keep</aspectratio>
						<texture colordiffuse="gold" fallback="defaultstudios.png">$INFO[ListItem.Label,special://skin/extras/studios/,.png]</texture>
						<!-- <bordertexture>colors/white.png</bordertexture> -->
						<bordersize>1</bordersize>
						<visible>Container.Content(studios)</visible>
					</control>
						<control type="image">
						<left>30</left>
							<top>20</top>
							<width>330</width>
							<height>240</height>
						<texture colordiffuse="button_focus">overlays/focused.png</texture>
							<bordertexture border="21">overlays/shadow.png</bordertexture>
							<bordersize>20</bordersize>
								<visible>Container.Content(years)</visible>
						</control>
					<control type="image">
						<left>30</left>
							<top>20</top>
							<width>330</width>
							<height>240</height>
							<texture colordiffuse="button_focus">overlays/focused.png</texture>
							<bordersize>20</bordersize>
							<include>Animation_FocusTextureFade</include>
							<visible>Container.Content(years)</visible>
						</control>
						<control type="image">
						<left>40</left>
							<top>30</top>
							<width>320</width>
							<height>220</height>
						<aspectratio align="center" aligny="center">keep</aspectratio>
						<texture colordiffuse="gold" fallback="defaultyear.png">$INFO[ListItem.Label,special://skin/extras/years/,.jpg]</texture>
						<!-- <bordertexture>colors/white.png</bordertexture> -->
							<bordersize>20</bordersize>
					<visible>Container.Content(years)</visible>
					</control>
					<control type="textbox">
							<left>40</left>
							<top>150</top>
							<width>310</width>
							<height>100</height>
							<font>font36_title</font>
							<label>$INFO[ListItem.Label,[B],[/B]]</label>
							<align>center</align>
							<aligny>center</aligny>
							<visible>Container.Content(years)</visible>
						</control>
						<!-- <control type="textbox"> -->
							<!-- <left>40</left> -->
							<!-- <top>150</top> -->
							<!-- <width>310</width> -->
							<!-- <height>100</height> -->
							<!-- <font>font25_narrow</font> -->
							<!-- <label>$INFO[ListItem.Label,[B],[/B]]</label> -->
							<!-- <align>center</align> -->
							<!-- <aligny>center</aligny> -->
							<!-- <visible>Container.Content(genres)</visible> -->
						<!-- </control> -->
						
							<control type="image">
						<left>30</left>
							<top>20</top>
							<width>330</width>
							<height>240</height>
						<texture colordiffuse="button_focus">overlays/focused.png</texture>
							<bordertexture border="21">overlays/shadow.png</bordertexture>
							<bordersize>20</bordersize>
								<visible>Container.Content(countries)</visible>
							
						</control>
						<control type="image">
						<left>30</left>
							<top>20</top>
							<width>330</width>
							<height>240</height>
							<texture colordiffuse="button_focus">overlays/focused.png</texture>
							<bordersize>20</bordersize>
							<include>Animation_FocusTextureFade</include>
							<visible>Container.Content(countries)</visible>
						</control>
						<control type="image">
						<left>40</left>
							<top>30</top>
							<width>320</width>
							<height>220</height>
						<aspectratio align="center" aligny="center">keep</aspectratio>
						<texture fallback="defaultcountry.png"  >$INFO[ListItem.Label,resource://resource.images.moviecountryicons.flags/,.png]</texture>
						<!-- <bordertexture>colors/white.png</bordertexture> -->
						<bordersize>20</bordersize>
					<visible>Container.Content(countries)</visible>
					</control>
					<control type="textbox">
							<left>40</left>
							<top>150</top>
							<width>310</width>
							<height>100</height>
							<font>font25_narrow</font>
							<label>$INFO[ListItem.Label,[B],[/B]]</label>
							<align>center</align>
							<aligny>center</aligny>
							<visible>Container.Content(countries)</visible>
						</control>
					</control>
				</focusedlayout>
			</control>
		</control>
	</include>
</includes>
