<?xml version="1.0" encoding="UTF-8"?>
<includes>
	<include name="View_502_FanArt">
		<control type="group">
			<include>OpenClose_Left</include>
			<visible>Control.IsVisible(502)</visible>
			<include>Visible_Left</include>
			<include content="ListContainer">
				<param name="left" value="-5" />
				<param name="right" value="1195" />
				<param name="list_id" value="502" />
				<param name="viewtype_label" value="$LOCALIZE[20445]" />
			</include>
		</control>
		<control type="group">
			<depth>DepthContentPanel</depth>
			<include>OpenClose_Right</include>
			<visible>Control.IsVisible(502)</visible>
			<include>Visible_Right</include>
			<control type="group">
				<right>-20</right>
				<width>1235</width>
				<include content="ContentPanel">
					<param name="width" value="1235" />
					<param name="left" value="0" />
					<param name="top" value="-20" />
					<param name="flipx" value="true" />
				</include>
					<control type="image">
						<left>40</left>
				<alignx>center</alignx>
				
				<top>80</top>
				<width>400</width>
				<height>155</height>
				<texture>$INFO[ListItem.Art(clearlogo)]</texture>
					<!-- <bordertexture colordiffuse="border_alpha">colors/white.png</bordertexture> -->
				<bordersize>4</bordersize>
				<aspectratio aligny="center">scale</aspectratio>
			<visible>!String.IsEmpty(ListItem.Art(clearlogo)</visible>
			</control>
			
			
			<control type="image">
						<left>970</left>
				<alignx>center</alignx>
				<top>480</top>
				<width>250</width>
				<height>250</height>
				<texture>$INFO[ListItem.Art(characterart)]</texture>
					<!-- <bordertexture colordiffuse="border_alpha">colors/white.png</bordertexture> -->
				<bordersize>4</bordersize>
				<aspectratio aligny="center">scale</aspectratio>
			<visible>!String.IsEmpty(ListItem.Art(characterart)</visible>
			</control>
				<control type="image">
						<left>970</left>
				<!-- <alignx>center</alignx> -->
				<top>480</top>
				<width>250</width>
				<height>250</height>
				<texture>$INFO[ListItem.Art(discart)]</texture>
					<!-- <bordertexture colordiffuse="border_alpha">colors/white.png</bordertexture> -->
				<bordersize>4</bordersize>
				<aspectratio aligny="center">scale</aspectratio>
			<visible>!String.IsEmpty(ListItem.Art(characterart)</visible>
			</control>
					<control type="image">
						<left>33%</left>
				<alignx>center</alignx>
				<top>30</top>
				<width>500</width>
				<height>93</height>
				<texture>$INFO[ListItem.Art(banner)]</texture>
					<bordertexture colordiffuse="border_alpha">colors/white.png</bordertexture>
				<bordersize>4</bordersize>
				<aspectratio aligny="center">scale</aspectratio>
			<visible>!String.IsEmpty(ListItem.Art(banner)</visible>
			</control>
				<control type="image">
					<left>38</left>
					<right>36</right>
					<top>225</top>
					<height>320</height>
					<fadetime>300</fadetime>
					<texture border="2" fallback="special://skin/extras/home-images/movie.jpg" background="true">$VAR[FanartImageVar]</texture>
					<bordertexture colordiffuse="border_alpha">colors/white.png</bordertexture>
					<aspectratio align="center" aligny="bottom">keep</aspectratio>
				</control>
					<control type="image">
							<left>38</left>
					<right>36</right>
				<top>500</top>
				<width>500</width>
				<height>280</height>
				<texture>$INFO[ListItem.Art(clearart)]</texture>
					<!-- <bordertexture colordiffuse="border_alpha">colors/white.png</bordertexture> -->
				<bordersize>4</bordersize>
				<aspectratio align="center" aligny="bottom">keep</aspectratio>
			<visible>!String.IsEmpty(ListItem.Art(clearart)</visible>
			</control>
				<control type="group">
					<left>600</left>
					<top>82</top>
					<include condition="Skin.HasSetting(circle_rating) | Skin.HasSetting(circle_userrating)">RatingCircle</include>
				</control>
				<control type="textbox">
					<left>50</left>
					<right>50</right>
					<top>769</top>
					<bottom>105</bottom>
					<label>$VAR[PlotTextBoxVar]</label>
					<autoscroll time="3000" delay="7000" repeat="5000">!System.HasActiveModalDialog + Skin.HasSetting(AutoScroll)</autoscroll>
				</control>
				<control type="scrollbar" id="502600">
					<left>20</left>
					<top>list_y_offset</top>
					<width>12</width>
					<bottom>list_y_offset</bottom>
					<onleft>502</onleft>
					<onright>502</onright>
					<orientation>vertical</orientation>
					<animation effect="zoom" end="50,100" time="300" tween="sine" center="20,0" easing="inout" condition="!Control.HasFocus(502600)">conditional</animation>
				</control>
				<control type="group">
					<left>40</left>
					<top>770</top>
					<visible>ListItem.IsCollection + String.IsEmpty(ListItem.PlotOutline) + String.IsEmpty(ListItem.Plot)</visible>
					<include content="InfoList">
						<param name="bottom" value="108" />
						<param name="width" value="1000" />
						<param name="sortby" value="year" />
						<param name="sortorder" value="ascending" />
						<param name="font" value="font13" />
					</include>
				</control>
			</control>
		</control>
	</include>
</includes>
