<?xml version="1.0" encoding="UTF-8"?>
<includes>
	<include name="InfoWallPictureLayout">
	
		<param name="focused">false</param>
		<definition>
			<control type="image">
				<left>-4</left>
				<top>-12</top>
				<width>202</width>
				<height>202</height>
				<texture>overlays/catunfocus.png</texture>
				<bordertexture border="21">overlays/shadow.png</bordertexture>
				<bordersize>21</bordersize>
			</control>
			<control type="image">
				<left>-6</left>
				<top>-14</top>
				<width>204</width>
				<height>204</height>
				<texture colordiffuse="button_focus">overlays/catunfocus.png</texture>
				<bordertexture border="21">overlays/shadow.png</bordertexture>
				<bordersize>20</bordersize>
				<visible>$PARAM[focused]</visible>
				<include condition="$PARAM[focused]">Animation_FocusTextureFade</include>
			</control>
			<control type="image">
				<left>20</left>
				<top>10</top>
				<width>155</width>
				<height>155</height>
				<texture border="2" background="true">$VAR[InfoWallThumbVar]</texture>
				<aspectratio>keep</aspectratio>
			</control>
				<!-- <control type="label"> -->
				<!-- <left>20</left> -->
				<!-- <top>318</top> -->
				<!-- <width>338</width> -->
				<!-- <textoffsetx>20</textoffsetx> -->
				<!-- <height>20</height> -->
				<!-- <align>center</align> -->
				<!-- <aligny>center</aligny> -->
				<!-- <font>font12</font> -->
				<!-- <label>$INFO[ListItem.Label]</label> -->
			<!-- </control>			  -->
		</definition>
	</include>
	<include name="InfoWallMusicLayout">
		<param name="fallback_image">DefaultFolder.png</param>
		<param name="main_label">$INFO[ListItem.Artist]</param>
		<param name="sub_label">$INFO[ListItem.Title]</param>
		<param name="single_label">$INFO[ListItem.Label]</param>
		<param name="focused">false</param>
		<definition>
			<control type="image">
				<top>-6</top>
				<left>-8</left>
				<width>284</width>
				<height>286</height>
				<texture>overlays/unfocused.png</texture>
				<bordertexture border="21">overlays/shadow.png</bordertexture>
				<bordersize>20</bordersize>
			</control>
			<control type="image">
				<top>-6</top>
				<left>-8</left>
				<width>284</width>
				<height>286</height>
				<texture colordiffuse="button_focus">overlays/focused.png</texture>
				<bordertexture border="21">overlays/shadow.png</bordertexture>
				<bordersize>20</bordersize>
				<visible>$PARAM[focused]</visible>
				<include condition="$PARAM[focused]">Animation_FocusTextureFade</include>
			</control>
			<control type="image">
				<left>0</left>
				<top>0</top>
				<width>270</width>
				<height>270</height>
				<texture fallback="$PARAM[fallback_image]" background="true">$VAR[InfoWallThumbVar]</texture>
				<aspectratio>keep</aspectratio>
				<bordersize>20</bordersize>
			</control>
			<!-- <control type="textbox"> -->
				<!-- <left>28</left> -->
				<!-- <top>289</top> -->
				<!-- <width>262</width> -->
				<!-- <height>80</height> -->
				<!-- <font>font12</font> -->
				<!-- <align>center</align> -->
				<!-- <aligny>center</aligny> -->
				<!-- <label>$PARAM[single_label]</label> -->
				<!-- <visible>!String.IsEqual(ListItem.DBType,album)</visible> -->
			<!-- </control> -->
			<control type="group">
				<visible>String.IsEqual(ListItem.DBType,album)</visible>
				<!-- <control type="label"> -->
					<!-- <left>29</left> -->
					<!-- <top>300</top> -->
					<!-- <width>260</width> -->
					<!-- <label>$PARAM[sub_label]</label> -->
					<!-- <font>font10</font> -->
					<!-- <shadowcolor>text_shadow</shadowcolor> -->
					<!-- <scroll>$PARAM[focused]</scroll> -->
					<!-- <align>center</align> -->
				<!-- </control> -->
				<!-- <control type="label"> -->
					<!-- <left>29</left> -->
					<!-- <top>328</top> -->
					<!-- <width>260</width> -->
					<!-- <label>$PARAM[main_label]</label> -->
					<!-- <font>font12</font> -->
					<!-- <shadowcolor>text_shadow</shadowcolor> -->
					<!-- <scroll>$PARAM[focused]</scroll> -->
					<!-- <align>center</align> -->
				<!-- </control> -->
			</control>
			<control type="group">
				<left>133</left>
				<top>2</top>
				<include condition="Skin.HasSetting(circle_rating) | Skin.HasSetting(circle_userrating)">RatingCircle</include>
			</control>
		</definition>
	</include>
	<include name="InfoWallMusicLayout2">
		<param name="fallback_image">DefaultFolder.png</param>
		<param name="main_label">$INFO[ListItem.Artist]</param>
		<param name="sub_label">$INFO[ListItem.Title]</param>
		<param name="single_label">$INFO[ListItem.Label]</param>
		<param name="focused">false</param>
		<definition>
			<control type="image">
				<top>-4</top>
				<left>-4</left>
				<width>166</width>
				<height>166</height>
				<texture>overlays/unfocused.png</texture>
				<bordertexture border="21">overlays/shadow.png</bordertexture>
				<bordersize>20</bordersize>
			</control>
			<control type="image">
				<top>-4</top>
				<left>-4</left>
				<width>166</width>
				<height>166</height>
				<texture colordiffuse="button_focus">overlays/focused.png</texture>
				<bordertexture border="21">overlays/shadow.png</bordertexture>
				<bordersize>20</bordersize>
				<visible>$PARAM[focused]</visible>
				<include condition="$PARAM[focused]">Animation_FocusTextureFade</include>
			</control>
			<control type="image">
				<left>0</left>
				<top>0</top>
				<width>158</width>
				<height>158</height>
				<texture fallback="$PARAM[fallback_image]" background="true">$VAR[InfoWallThumbVar]</texture>
				<aspectratio>keep</aspectratio>
				<bordersize>20</bordersize>
			</control>
			
			<!-- <control type="group"> -->
				<!-- <visible>String.IsEqual(ListItem.DBType,album)</visible> -->
				<!-- <control type="label"> -->
					<!-- <left>29</left> -->
					<!-- <top>300</top> -->
					<!-- <width>260</width> -->
					<!-- <label>$PARAM[sub_label]</label> -->
					<!-- <font>font10</font> -->
					<!-- <shadowcolor>text_shadow</shadowcolor> -->
					<!-- <scroll>$PARAM[focused]</scroll> -->
					<!-- <align>center</align> -->
				<!-- </control> -->
				<!-- <control type="label"> -->
					<!-- <left>29</left> -->
					<!-- <top>328</top> -->
					<!-- <width>260</width> -->
					<!-- <label>$PARAM[main_label]</label> -->
					<!-- <font>font12</font> -->
					<!-- <shadowcolor>text_shadow</shadowcolor> -->
					<!-- <scroll>$PARAM[focused]</scroll> -->
					<!-- <align>center</align> -->
				<!-- </control> -->
			<!-- </control> -->
			<control type="group">
				<left>66</left>
				<top>2</top>
				<include condition="Skin.HasSetting(circle_rating) | Skin.HasSetting(circle_userrating)">RatingCircle</include>
			</control>
		</definition>
	</include>
	<include name="InfoWallEpisodeLayout">
		<param name="main_label">$INFO[ListItem.Title]</param>
		<param name="sub_label">$INFO[ListItem.TVShowTitle]</param>
		<param name="thumb_label">$INFO[ListItem.Season,,x]$INFO[ListItem.Episode]</param>
		<param name="fallback_image">DefaultTVShows.png</param>
		<param name="focused">false</param>
		<definition>
			<control type="image">
				<top>6</top>
				<left>-4</left>
				<width>324</width>
				<height>226</height>
				<texture>overlays/unfocused.png</texture>
				<bordertexture border="21">overlays/shadow.png</bordertexture>
				<bordersize>20</bordersize>
			</control>
			<control type="image">
				<top>6</top>
				<left>-4</left>
				<width>324</width>
				<height>226</height>
				<texture colordiffuse="button_focus">overlays/focused.png</texture>
				<bordertexture border="21">overlays/shadow.png</bordertexture>
				<bordersize>20</bordersize>
				<visible>$PARAM[focused]</visible>
				<include condition="$PARAM[focused]">Animation_FocusTextureFade</include>
			</control>
			<control type="image">
				<left>0</left>
				<top>10</top>
				<width>316</width>
				<height>218</height>
				<texture fallback="$PARAM[fallback_image]" background="true">$INFO[ListItem.Icon]</texture>
				<aspectratio>scale</aspectratio>
				<bordersize>20</bordersize>
			</control>
			
			<control type="image">
				<left>20</left>
				<top>175</top>
				<width>32</width>
				<height>32</height>
				<texture>$VAR[WallWatchedIconVar]</texture>
			</control>
			<control type="group">
				<visible>!Window.IsActive(videos)</visible>
			</control>
			<control type="progress">
				<left>20</left>
				<top>188</top>
				<width>276</width>
				<height>1</height>
				<texturebg/>
				<midtexture colordiffuse="button_focus" border="3">progress/texturebg_alt_white.png</midtexture>
				<info>ListItem.PercentPlayed</info>
				<visible>!Integer.IsEqual(ListItem.PercentPlayed,0)</visible>
			</control>
			<control type="group">
				<left>0</left>
				<top>0</top>
				<include condition="Skin.HasSetting(circle_rating) | Skin.HasSetting(circle_userrating)">RatingCircle</include>
			</control>
		</definition>
	</include>
	<include name="InfoWallthumbLayout">
		<param name="focused">false</param>
		<definition>
			<control type="image">
				<top>26</top>
				<left>16</left>
				<width>210</width>
				<height>130</height>
				<texture colordiffuse="">overlays/unfocused.png</texture>
				<bordersize>0</bordersize>
			</control>
			<control type="image">
				<top>26</top>
				<left>16</left>
				<width>210</width>
				<height>130</height>
				<texture colordiffuse="button_focus">overlays/focused.png</texture>
				<bordertexture border="20" colordiffuse="button_focus">overlays/shadow.png</bordertexture>
				<bordersize>0</bordersize>
				<visible>$PARAM[focused]</visible>
			</control>
			<control type="image">
				<left>0</left>
				<top>10</top>
				<width>240</width>
				<height>160</height>
				<texture fallback="$PARAM[fallback_image]" background="true">$VAR[landscapeVar]</texture>
				<bordersize>20</bordersize>
			</control>
			
			
			<control type="image">
				<left>0</left>
				<top>10</top>
				<width>240</width>
				<height>160</height>
				<texture>DefaultFolder.png</texture>
				<visible>ListItem.IsParentFolder</visible>
			</control>
			
			<control type="group">
				<left>16</left>
				<top>8</top>
				<include condition="Skin.HasSetting(circle_rating) | Skin.HasSetting(circle_userrating)">RatingCircle</include>
			</control>
			<control type="progress">
				<left>20</left>
				<top>124</top>
				<width>200</width>
				<height>8</height>
				<texturebg/>
				<midtexture colordiffuse="button_focus" border="3">progress/texturebg_alt_white.png</midtexture>
				<info>ListItem.PercentPlayed</info>
				<visible>!Integer.IsEqual(ListItem.PercentPlayed,0)</visible>
			</control>
		</definition>
	</include>
	<include name="InfoWallMovieLayoutBp">
		<param name="focused">false</param>
		<definition>
			<control type="group">
				<visible>String.IsEmpty(ListItem.Art(poster))</visible>
				<control type="image">
					<left>15</left>
					<top>-10</top>
					<width>290</width>
					<height>400</height>
					<texture>overlays/catunfocus.png</texture>
					<bordertexture border="21">overlays/shadow.png</bordertexture>
					<bordersize>20</bordersize>
				</control>
				<control type="image">
					<left>15</left>
					<top>-10</top>
					<width>290</width>
					<height>400</height>
					<texture colordiffuse="button_focus">overlays/focused.png</texture>
					<bordersize>20</bordersize>
					<visible>$PARAM[focused]</visible>
					<include condition="$PARAM[focused]">Animation_FocusTextureFade</include>
				</control>
				<control type="textbox">
					<left>40</left>
					<top>244</top>
					<width>242</width>
					<height>120</height>
					<font>font27</font>
					<align>center</align>
					<aligny>center</aligny>
					<label>$INFO[ListItem.Label]</label>
					<autoscroll time="2000" delay="3000" repeat="5000">$PARAM[focused]</autoscroll>
					<visible>!ListItem.IsParentFolder</visible>
				</control>
				<control type="image">
					<left>24</left>
					<top>-1</top>
					<width>272</width>
					<height>270</height>
					<texture fallback="DefaultMovies.png" background="true">$INFO[ListItem.Icon]</texture>
					<aspectratio>scale</aspectratio>
					<bordersize>20</bordersize>
				</control>
			</control>
			<control type="group">
				<visible>!String.IsEmpty(ListItem.Art(poster))</visible>
				<control type="image">
					<left>11</left>
					<top>6</top>
					<width>298</width>
					<height>408</height>
					<texture colordiffuse="">overlays/unfocused.png</texture>
					<bordertexture border="21">overlays/shadow.png</bordertexture>
					<bordersize>20</bordersize>
				</control>
				<control type="image">
					<left>11</left>
					<top>6</top>
					<width>298</width>
					<height>408</height>
					<texture colordiffuse="button_focus">overlays/focused.png</texture>
					<bordertexture border="21">overlays/shadow.png</bordertexture>
					<bordersize>20</bordersize>
					<visible>$PARAM[focused]</visible>
					<include condition="$PARAM[focused]">Animation_FocusTextureFade</include>
				</control>
				<control type="image">
					<left>15</left>
					<top>10</top>
					<width>290</width>
					<height>400</height>
					<texture background="true">$INFO[ListItem.Art(poster)]</texture>
					<aspectratio>scale</aspectratio>
					<bordertexture border="21">overlays/shadow.png</bordertexture>
					<bordersize>20</bordersize>
				</control>
				<control type="image">
					<left>85</left>
					<top>290</top>
					<width>80</width>
					<height>80</height>
					<texture>overlays/overlay-bg.png</texture>
					<visible>Listitem.IsCollection | ListItem.IsPlaying | Integer.IsGreater(ListItem.Playcount,0)</visible>
				</control>
			</control>
			<control type="group">
				<visible>String.IsEqual(ListItem.DBtype,tvshow)</visible>
				<top>320</top>
				<control type="image">
					<left>35</left>
					<top>20</top>
					<width>250</width>
					<height>50</height>
					<texture colordiffuse="CCFFFFFF">overlays/overlayfade.png</texture>
					<visible>!String.IsEmpty(ListItem.Art(poster))</visible>
				</control>
				<control type="label">
					<left>0</left>
					<top>30</top>
					<width>244</width>
					<label>$INFO[ListItem.Property(WatchedEpisodes)]$INFO[ListItem.Property(TotalEpisodes), / ,]</label>
					<font>font20_title</font>
					<shadowcolor>text_shadow</shadowcolor>
					<align>right</align>
				</control>
				<control type="image">
					<left>254</left>
					<top>23</top>
					<width>24</width>
					<height>24</height>
					<texture>lists/played-total.png</texture>
				</control>
			</control>
			<control type="image">
				<left>35</left>
				<top>338</top>
				<width>32</width>
				<height>32</height>
				<texture>$VAR[WallWatchedIconVar]</texture>
			</control>
			<control type="group">
				<left>66</left>
				<top>-8</top>
				<include condition="Skin.HasSetting(circle_rating) | Skin.HasSetting(circle_userrating)">RatingCircle</include>
			</control>
			<control type="progress">
				<left>35</left>
				<top>360</top>
				<width>250</width>
				<height>1</height>
				<texturebg/>
				<midtexture colordiffuse="button_focus" border="3">progress/texturebg_alt_white.png</midtexture>
				<info>ListItem.PercentPlayed</info>
				<visible>!Integer.IsEqual(ListItem.PercentPlayed,0)</visible>
			</control>
		</definition>
	</include>
	<include name="InfoWallMovieLayout">
		<param name="focused">false</param>
		<definition>
			<control type="group">
				<visible>String.IsEmpty(ListItem.Art(poster))</visible>
				<control type="image">
					<left>9</left>
					<top>-14</top>
					<width>153</width>
					<height>208</height>
					<texture>overlays/catunfocus.png</texture>
					<bordertexture border="21">overlays/shadow.png</bordertexture>
					<bordersize>20</bordersize>
				</control>
				<control type="image">
					<left>9</left>
					<top>-14</top>
					<width>153</width>
					<height>208</height>
					<texture colordiffuse="button_focus">overlays/catfocus.png</texture>
					<bordertexture border="21">overlays/shadow.png</bordertexture>
					<bordersize>20</bordersize>
					<visible>$PARAM[focused]</visible>
					<include condition="$PARAM[focused]">Animation_FocusTextureFade</include>
				</control>
				<control type="image">
					<left>13</left>
					<top>-10</top>
					<width>145</width>
					<height>200</height>
					<texture fallback="DefaultMovies.png" background="true">$INFO[ListItem.Icon]</texture>
					<!-- <aspectratio>scale</aspectratio> -->
					<bordersize>20</bordersize>
				</control>
			</control>
			<control type="group">
				<visible>!String.IsEmpty(ListItem.Art(poster))</visible>
				<control type="image">
					<left>9</left>
					<top>-14</top>
					<width>153</width>
					<height>208</height>
					<texture colordiffuse="">overlays/unfocused.png</texture>
					<bordertexture border="21">overlays/shadow.png</bordertexture>
					<bordersize>20</bordersize>
				</control>
				<control type="image">
					<left>9</left>
					<top>-14</top>
					<width>153</width>
					<height>208</height>
					<texture colordiffuse="button_focus">overlays/focused.png</texture>
					<bordertexture border="21">overlays/shadow.png</bordertexture>
					<bordersize>20</bordersize>
					<visible>$PARAM[focused]</visible>
					<include condition="$PARAM[focused]">Animation_FocusTextureFade</include>
				</control>
			
				<control type="image">
					<left>13</left>
					<top>-10</top>
					<width>145</width>
					<height>200</height>
					<texture background="true">$INFO[ListItem.Art(poster)]</texture>
					<aspectratio>scale</aspectratio>
					<bordertexture border="21">overlays/shadow.png</bordertexture>
					<bordersize>20</bordersize>
				</control>
								<control type="image">
					<left>35</left>
					<top>90</top>
					<width>80</width>
					<height>80</height>
					<texture>overlays/overlay-bg.png</texture>
					<visible>Listitem.IsCollection | ListItem.IsPlaying | Integer.IsGreater(ListItem.Playcount,0)</visible>
				</control>
			</control>
			<control type="group">
				<left>35</left>
				<top>-8</top>
				<include condition="Skin.HasSetting(circle_rating) | Skin.HasSetting(circle_userrating)">RatingCircle</include>
			</control>
			<control type="progress">
				<left>29</left>
				<top>147</top>
				<width>120</width>
				<height>1</height>
				<texturebg/>
				<midtexture colordiffuse="button_focus" border="3">progress/texturebg_alt_white.png</midtexture>
				<info>ListItem.PercentPlayed</info>
				<visible>!Integer.IsEqual(ListItem.PercentPlayed,0)</visible>
			</control>
		</definition>
	</include>
	<include name="View_54_InfoWall">
		<control type="group">
			<include>OpenClose_Right</include>
			<control type="group">
				
			</control>
			<visible>Control.IsVisible(54)</visible>
			<control type="panel" id="54">
				<left>540</left>
			<top>list_y_offset</top>
			
			<bottom>list_y_offset</bottom>
				<right>15</right>
				<height>90%</height>
				<onleft>9000</onleft>
				<onright>531</onright>
				<onup condition="Integer.IsGreater(Container.NumPages,1)">54</onup>
				<onup condition="!Integer.IsGreater(Container.NumPages,1)">9000</onup>
				<ondown>54</ondown>
				<viewtype label="31101">icon</viewtype>
				<preloaditems>2</preloaditems>
				<pagecontrol>531</pagecontrol>
		
			<scrolltime tween="cubic" easing="out">500</scrolltime>
				<visible>Container.Content(artists) | Container.Content(albums) | Container.Content(sets) | Container.Content(movies) | Container.Content(tvshows) | Container.Content(seasons) | Container.Content(episodes) | Container.Content(musicvideos) | Container.Content(images) | Container.Content(videos) | Container.Content(games)</visible>
				<itemlayout height="200" width="145" condition="Container.Content(movies) | Container.Content(sets) | Container.Content(tvshows) | Container.Content(seasons) | [Container.Content(musicvideos) + Skin.HasSetting(show_musicvideoposter)]">
					<control type="group">
						<left>30</left>
						<include>InfoWallMovieLayout</include>
					</control>
				</itemlayout>
				<focusedlayout height="200" width="145" condition="Container.Content(movies) | Container.Content(sets) | Container.Content(tvshows) | Container.Content(seasons) | [Container.Content(musicvideos) + Skin.HasSetting(show_musicvideoposter)]">
					<control type="group">
						<depth>DepthContentPopout</depth>
						<left>30</left>
						<animation effect="zoom" start="100" end="110" time="200" tween="sine" easing="inout" center="190,300">Focus</animation>
						<animation effect="zoom" start="110" end="100" time="200" tween="sine" easing="inout" center="190,300">UnFocus</animation>
						<include content="InfoWallMovieLayout">
							<param name="focused" value="true"/>
						</include>
					</control>
				</focusedlayout>
				<itemlayout height="200" width="145" condition="Container.Content(episodes) | Container.Content(videos) | [Container.Content(musicvideos) + !Skin.HasSetting(show_musicvideoposter)]">
					<control type="group">
						<left>64</left>
						<top>10</top>
						<include content="InfoWallEpisodeLayout">
							<param name="focused" value="false"/>
							<param name="thumb_label" value="$INFO[ListItem.Label2]"/>
						</include>
					</control>
				</itemlayout>
				<focusedlayout height="200" width="145" condition="Container.Content(episodes) | Container.Content(videos) | [Container.Content(musicvideos) + !Skin.HasSetting(show_musicvideoposter)]">
					<control type="group">
						<depth>DepthContentPopout</depth>
						<animation effect="zoom" start="100" end="110" time="200" tween="sine" easing="inout" center="220,250">Focus</animation>
						<animation effect="zoom" start="110" end="100" time="200" tween="sine" easing="inout" center="220,250">UnFocus</animation>
						<left>64</left>
						<top>110</top>
						<include content="InfoWallEpisodeLayout">
							<param name="focused" value="true"/>
							<param name="thumb_label" value="$INFO[ListItem.Label2]"/>
						</include>
					</control>
				</focusedlayout>
				<itemlayout width="196" height="150" condition="Container.Content(artists) | Container.Content(actors)|Container.Content(albums)">
					<control type="group">
					<top>10</top>
						<left>40</left>
						<include>InfoWallMusicLayout</include>
					</control>
				</itemlayout>
				<focusedlayout width="196" height="150" condition="Container.Content(artists) |Container.Content(actors)| Container.Content(albums)">
					<control type="group">
						<depth>DepthContentPopout</depth>
						<animation effect="zoom" start="100" end="115" time="200" tween="sine" easing="inout" center="100,150">Focus</animation>
						<animation effect="zoom" start="115" end="100" time="200" tween="sine" easing="inout" center="100,150">UnFocus</animation>
						<top>10</top>
						<left>40</left>
						<include content="InfoWallMusicLayout">
							<param name="focused" value="true"/>
						</include>
					</control>
				</focusedlayout>
				<itemlayout height="180" width="180" condition="Container.Content(images)">
					<control type="group">
						<left>0</left>
<top>10</top>
						<include>InfoWallPictureLayout</include>
					</control>
				</itemlayout>
				<focusedlayout height="200" width="145" condition="Container.Content(images)">
					<control type="group">
						<depth>DepthContentPopout</depth>
						<left>0</left>
					<top>10</top>
						<animation effect="zoom" start="100" end="110" time="200" tween="sine" easing="inout" center="80,130">Focus</animation>
						<animation effect="zoom" start="110" end="100" time="200" tween="sine" easing="inout" center="80,130">UnFocus</animation>
						<include content="InfoWallPictureLayout">
							<param name="focused" value="true"/>
						</include>
					</control>
				</focusedlayout>
				
			</control>
		</control>
	</include>
</includes>
