<?xml version='1.0' encoding='UTF-8'?>
<shortcuts>
    <shortcut>
        <label>20386</label>
        <label2>Common Shortcut</label2>
        <icon>DefaultRecentlyAddedMovies.png</icon>
        <action>ActivateWindow(Videos,videodb://recentlyaddedmovies/,return)</action>
    </shortcut>
    <shortcut>
        <label>10024</label>
        <label2>Common Shortcut</label2>
        <icon>DefaultMovieTitle.png</icon>
        <action>ActivateWindow(Videos,videodb://movies/titles/,return)</action>
    </shortcut>
    <shortcut>
        <label>20434</label>
        <label2>Common Shortcut</label2>
        <icon>DefaultSets.png</icon>
        <action>ActivateWindow(Videos,videodb://movies/sets/,return)</action>
    </shortcut>
    <shortcut>
        <label>652</label>
        <label2>Common Shortcut</label2>
        <icon>DefaultYear.png</icon>
        <action>ActivateWindow(Videos,videodb://movies/years/,return)</action>
    </shortcut>
    <shortcut>
        <label>135</label>
        <label2>Common Shortcut</label2>
        <icon>DefaultGenre.png</icon>
        <action>ActivateWindow(Videos,videodb://movies/genres/,return)</action>
    </shortcut>
    <shortcut>
        <label>344</label>
        <label2>Common Shortcut</label2>
        <icon>DefaultActor.png</icon>
        <action>ActivateWindow(Videos,videodb://movies/actors/,return)</action>
    </shortcut>
    <shortcut>
        <label>20348</label>
        <label2>Common Shortcut</label2>
        <icon>DefaultDirector.png</icon>
        <action>ActivateWindow(Videos,videodb://movies/directors/,return)</action>
    </shortcut>
    <shortcut>
        <label>20388</label>
        <label2>Common Shortcut</label2>
        <icon>DefaultStudios.png</icon>
        <action>ActivateWindow(Videos,videodb://movies/studios/,return)</action>
    </shortcut>
    <shortcut>
        <label>20451</label>
        <label2>Common Shortcut</label2>
        <icon>DefaultCountry.png</icon>
        <action>ActivateWindow(Videos,videodb://movies/countries/,return)</action>
    </shortcut>
    <shortcut>
        <label>20459</label>
        <label2>Common Shortcut</label2>
        <icon>DefaultTags.png</icon>
        <action>ActivateWindow(Videos,videodb://movies/tags/,return)</action>
    </shortcut>
		<shortcut>
        <label>31146</label>
        <label2>Common Shortcut</label2>
        <icon>DefaultStudios.png</icon>
        <action>ActivateWindow(videos,plugin://script.embuary.info/movie/now_playing,return)</action>
			<visible>System.AddonIsEnabled(script.embuary.info)</visible>
    </shortcut>
	<shortcut>
        <label>31147</label>
        <label2>Common Shortcut</label2>
        <icon>DefaultYear.png</icon>
        <action>ActivateWindow(videos,plugin://script.embuary.info/movie/upcoming,return)</action>
			<visible>System.AddonIsEnabled(script.embuary.info)</visible>
    </shortcut>
    <shortcut>
        <label>20314</label>
        <label2>Common Shortcut</label2>
        <icon>LibrarySettings.png</icon>
        <action>ActivateWindow(videos,library://video/movies/,return)</action>
    </shortcut>
    <shortcut>
        <label>$VAR[VideoLibraryScanLabel]</label>
        <label2>Common Shortcut</label2>
        <icon>$VAR[VideoLibraryScanIcon]</icon>
        <action>UpdateLibrary(video)</action>
    </shortcut>
</shortcuts>