<?xml version='1.0' encoding='UTF-8'?>
<shortcuts>
    <shortcut>
        <label>20387</label>
        <label2>Common Shortcut</label2>
        <icon>DefaultRecentlyAddedEpisodes.png</icon>
        <action>ActivateWindow(Videos,videodb://recentlyaddedepisodes/,return)</action>
    </shortcut>
    <shortcut>
        <label>10024</label>
        <label2>Common Shortcut</label2>
        <icon>DefaultTVShowTitle.png</icon>
        <action>ActivateWindow(Videos,videodb://tvshows/titles/,return)</action>
    </shortcut>
    <shortcut>
        <label>652</label>
        <label2>Common Shortcut</label2>
        <icon>DefaultYear.png</icon>
        <action>ActivateWindow(Videos,videodb://tvshows/years/,return)</action>
    </shortcut>
    <shortcut>
        <label>135</label>
        <label2>Common Shortcut</label2>
        <icon>DefaultGenre.png</icon>
        <action>ActivateWindow(Videos,videodb://tvshows/genres/,return)</action>
    </shortcut>
    <shortcut>
        <label>344</label>
        <label2>Common Shortcut</label2>
        <icon>DefaultActor.png</icon>
        <action>ActivateWindow(Videos,videodb://tvshows/actors/,return)</action>
    </shortcut>
  		<shortcut>
        <label>Favorite Episodes</label>
        <label2>jallyfin</label2>
        <icon>special://home/addons/plugin.video.jellyfin/resources/icon.png</icon>
        <action>ActivateWindow(videos,plugin://plugin.video.jellyfin/?mode=browse&amp;type=episodes&amp;folder=FavEpisodes,return)</action>
		<visible>System.AddonIsEnabled(plugin.video.jellyfin)</visible>
    </shortcut>
 <shortcut>
        <label>31027</label>
        <label2>Common Shortcut</label2>
        <icon>DefaultYear.png</icon>
        <action>ActivateWindow(videos,plugin://script.embuary.info/nextaired,return)</action>
		<visible>System.AddonIsEnabled(script.embuary.info)</visible>
    </shortcut>
   <shortcut>
        <label>20388</label>
        <label2>Common Shortcut</label2>
        <icon>DefaultStudios.png</icon>
        <action>ActivateWindow(Videos,videodb://tvshows/studios/,return)</action>
    </shortcut>
    <shortcut>
        <label>20459</label>
        <label2>Common Shortcut</label2>
        <icon>DefaultTags.png</icon>
        <action>ActivateWindow(Videos,videodb://tvshows/tags/,return)</action>
    </shortcut>
   
</shortcuts>